Offering,hesta Conservative,hesta Eco,hesta Balanced Growth,hesta Indexed Balanced Growth,hesta Cash and Term Deposits,hesta Property and Infrastructure,hesta Diversified Bonds,hesta International Shares,hesta Australian Shares,hesta Core Pool ,hesta Shares Plus ,hesta Cash ,hesta Global Bonds ,hesta Property ,hesta Infrastructure ,hesta International Shares ,hesta Australian Shares ,hesta Private Equity ,hesta High Growth,aware Conservative,aware Growth,aware Growth AVG,aware High Growth AVG,aware Diversified Socially Responsible Investment,aware Diversified Socially Responsible Investment AVG,aware Balanced Growth,aware Balanced Growth AVG,aware Cash,aware Cash AVG,aware Australian Equities,aware Australian Equities AVG,aware Australian Equities Socially Responsible Investment,aware Australian Equities Socially Responsible Investment AVG,aware International Equities,aware International Equities AVG,aware Property,aware Property AVG,aware Australian Fixed Interest,aware Australian Fixed Interest AVG,aware International Fixed Interest,aware International Fixed Interest AVG,aware Conservative Growth,aware Conservative Growth AVG,telstra Growth,telstra Balanced,telstra Defensive Growth,telstra Conservative,telstra International Shares,telstra Australian Shares,telstra Property,telstra Fixed Interest,telstra Cash,telstra Diversified Income
1993-01,,,,,,,,,,,,,,,,,,,,,0.01,,,,,,,0.049,,,,,,,,,,,,,,0.049,,,,,,,,,,,
1993-02,,,,,,,,,,,,,,,,,,,,,0.4590252,,,,,,,0.4590252,,,,,,,,,,,,,,0.4590252,,,,,,,,,,,
1993-03,,,,,,,,,,,,,,,,,,,,,0.5438147,,,,,,,0.5438147,,,,,,,,,,,,,,0.5438147,,,,,,,,,,,
1993-04,,,,,,,,,,,,,,,,,,,,,1.0366079,,,,,,,0.2744952,,,,,,,,,,,,,,0.8931735999999999,,,,,,,,,,,
1993-05,,,,,,,,,,,,,,,,,,,,,2.2624891000000003,,,,,,,0.4173778,,,,,,,,,,,,,,0.9461943,,,,,,,,,,,
1993-06,,,,,,,,,,,,,,,,,,,,,1.1068392999999999,,,,,,,0.349384,,,,,,,,,,,,,,0.3663189,,,,,,,,,,,
1993-07,,,,,,,,,,,,,,,,,,,,,4.8002721,,,,,,,0.40733840000000004,,,,,,,,,,,,,,2.3216876,,,,,,,,,,,
1993-08,,,,,,,,,,,,,,,,,,,,,5.4128635,,,,,,,0.4475423,,,,,,,,,,,,,,2.895813,,,,,,,,,,,
1993-09,,,,,,,,,,,,,,,,,,,,,0.4606038,,,,,,,0.37745819999999997,,,,,,,,,,,,,,0.43229239999999997,,,,,,,,,,,
1993-10,,,,,,,,,,,,,,,,,,,,,2.8437601,,,,,,,0.3411057,,,,,,,,,,,,,,1.6220865,,,,,,,,,,,
1993-11,,,,,,,,,,,,,,,,,,,,,-0.2370203,,,,,,,0.3944339,,,,,,,,,,,,,,-0.3881443,,,,,,,,,,,
1993-12,,,,,,,,,,,,,,,,,,,,,0.0,,,,,,,0.0,,,,,,,,,,,,,,0.0,,,,,,,,,,,
1994-01,,,,,,,,,,,,,,,,,,,,,2.9917948,,,,,,,0.3708574,,,,,,,,,,,,,,1.8282696,,,,,,,,,,,
1994-02,,,,,,,,,,,,,,,,,,,,,-1.6268115,,,,,,,0.30827150000000003,,,,,,,,,,,,,,-2.0914136,,,,,,,,,,,
1994-03,,,,,,,,,,,,,,,,,,,,,-1.1743722,,,,,,,0.3887892,,,,,,,,,,,,,,-1.2003853,,,,,,,,,,,
1994-04,,,,,,,,,,,,,,,,,,,,,0.042830599999999996,,,,,,,0.35054359999999996,,,,,,,,,,,,,,-0.1714765,,,,,,,,,,,
1994-05,,,,,,,,,,,,,,,,,,,,,-0.4636253,,,,,,,0.4015943,,,,,,,,,,,,,,-0.48851340000000004,,,,,,,,,,,
1994-06,,,,,,,,,,,,,,,,,,,,,-2.6627684,,,,,,,0.33673800000000004,,,,,,,,,,,,,,-2.5320082,,,,,,,,,,,
1994-07,,,,,,,,,,,,,,,,,,,,0.06999999999999999,0.4246387,,,,,0.5700000000000001,,0.47741930000000005,,,,,,,,,,,,,,0.5057042,,,,,,,,,,,
1994-08,,,,,,,,,,,,,,,,,,,,2.0860398,1.8401352999999998,,,,,1.7856147,,0.4727271,,,,,,,,,,,,,,1.345265,,,,,,,,,,,
1994-09,,,,,,,,,,,,,,,,,,,,-1.6289793000000001,-1.8835714,,,,,-1.7339331999999998,,0.4833997,,,,,,,,,,,,,,-1.4246284999999999,,,,,,,,,,,
1994-10,,,,,,,,,,,,,,,,,,,,0.6709728,0.6287292,,,,,0.4513656,,0.39695549999999996,,,,,,,,,,,,,,0.3052964,,,,,,,,,,,
1994-11,,,,,,,,,,,,,,,,,,,,-3.7656106,-3.1661230999999996,,,,,-2.1823406,,0.3983291,,,,,,,,,,,,,,-1.2440756000000002,,,,,,,,,,,
1994-12,,,,,,,,,,,,,,,,,,,,1.3103404,1.387371,,,,,1.3430166000000001,,0.5444186999999999,,,,,,,,,,,,,,1.1684807,,,,,,,,,,,
1995-01,,,,,,,,,,,,,,,,,,,,-2.0769045,-1.7319122999999998,,,,,-1.0736772,,0.6132661,,,,,,,,,,,,,,-0.4103357,,,,,,,,,,,
1995-02,,,,,,,,,,,,,,,,,,,,2.0405693,2.1438577,,,,,1.9475281,,0.5663332,,,,,,,,,,,,,,1.7071383,,,,,,,,,,,
1995-03,,,,,,,,,,,,,,,,,,,,1.2658202,0.9698651,,,,,1.0836375,,0.571338,,,,,,,,,,,,,,0.9275785999999999,,,,,,,,,,,
1995-04,,,,,,,,,,,,,,,,,,,,4.1420622,4.2599663,,,,,3.7606569,,0.48509440000000004,,,,,,,,,,,,,,2.5700332,,,,,,,,,,,
1995-05,,,,,,,,,,,,,,,,,,,,2.4297881,2.3966830000000003,,,,,2.733018,,0.6895575,,,,,,,,,,,,,,2.9534745,,,,,,,,,,,
1995-06,,,,,,,,,,,,,,,,,,,,1.4126465,1.2586749,,,,,1.2047561,,0.5267895,,,,,,,,,,,,,,0.7831691999999999,,,,,,,,,,,
1995-07,,,,,,,,,,,,,,,,,,,,1.4669162,1.3752322000000001,,,,,0.8399287999999999,,0.4648743,,,,,,,,,,,,,,-0.0411621,,,,,,,,,,,
1995-08,,,,,,,,,,,,,,,,,,,,0.9229733999999999,1.0071356,,,,,1.1682342000000001,,0.5937157000000001,,,,,,,,,,,,,,1.2270687,,,,,,,,,,,
1995-09,,,,,,,,,,,,,,,,,,,,0.450262,0.5959006,,,,,0.8379338000000001,,0.46391180000000004,,,,,,,,,,,,,,1.1762854999999999,,,,,,,,,,,
1995-10,,,,,,,,,,,,,,,,,,,,-0.8896495000000001,-0.8077848000000001,,,,,-0.5192684000000001,,0.5617359,,,,,,,,,,,,,,0.0419443,,,,,,,,,,,
1995-11,,,,,,,,,,,,,,,,,,,,2.8870848000000002,3.1280628999999998,,,,,2.8902556,,0.5127307999999999,,,,,,,,,,,,,,2.208967,,,,,,,,,,,
1995-12,,,,,,,,,,,,,,,,,,,,1.8918899999999998,1.6822605000000002,,,,,1.3956806,,0.4571909,,,,,,,,,,,,,,1.0308544,,,,,,,,,,,
1996-01,,,,,,,,,,,,,,,,,,,,2.2466111,2.1723504,,,,,1.8188818,,0.5933510000000001,,,,,,,,,,,,,,1.3995288,,,,,,,,,,,
1996-02,,,,,,,,,,,,,,,,,,,,0.5185687,0.2443208,,,,,-0.127408,,0.46116860000000004,,,,,,,,,,,,,,-0.5869614000000001,,,,,,,,,,,
1996-03,,,,,,,,,,,,,,,,,,,,-0.34232809999999997,-0.33477450000000003,,,,,-0.2512043,,0.4884553,,,,,,,,,,,,,,-0.1506256,,,,,,,,,,,
1996-04,,,,,,,,,,,,,,,,,,,,2.1123426,2.3137463,,,,,2.0800269,,0.6411291,,,,,,,,,,,,,,1.5501403,,,,,,,,,,,
1996-05,,,,,,,,,,,,,,,,,,,,-1.0505921999999999,-1.2445226,,,,,-1.0082098,,0.5611007,,,,,,,,,,,,,,-0.6727063,,,,,,,,,,,
1996-06,,,,,,,,,,,,,,,,,,,,0.38415,0.5169988000000001,,,,,0.5259423,,0.46658120000000003,,,,,,,,,,,,,,0.7888773,,,,,,,,,,,
1996-07,,,,,,,,,,,,,,,,,,,,-2.0310128,-1.7617422,,,,,-0.8141735000000001,,0.5821718,,,,,,,,,,,,,,0.4712182,,,,,,,,,,,
1996-08,,,,,,,,,,,,,,,,,,,,3.9649256,4.3274954,,,,,3.7734072,,0.5479711,,,,,,,,,,,,,,2.9452247000000003,,,,,,,,,,,
1996-09,,,,,,,,,,,,,,,,,,,,0.8080646,0.6620212000000001,,,,,0.7563936,,0.7015707999999999,,,,,,,,,,,,,,0.9192764000000001,,,,,,,,,,,
1996-10,,,,,,,,,,,,,,,,,,,,1.6871163000000002,1.8425208,,,,,1.6919389,,0.5585644,,,,,,,,,,,,,,1.5348661,,,,,,,,,,,
1996-11,,,,,,,,,,,,,,,,,,,,3.0781071,2.6522042999999997,,,,,2.1719551,,0.4718882,,,,,,,,,,,,,,1.6469466,,,,,,,,,,,
1996-12,,,,,,,,,,,,,,,,,,,,0.7501874000000001,0.553268,,,,,0.46422169999999996,,0.4936216,,,,,,,,,,,,,,0.4053742,,,,,,,,,,,
1997-01,,,,,,,,,,,,,,,,,,,,0.9846021,0.8596137,,,,,0.7323277,,0.44961070000000003,,,,,,,,,,,,,,0.48477449999999994,,,,,,,,,,,
1997-02,,,,,,,,,,,,,,,,,,,,2.7235053,2.2107205000000003,,,,,1.6082777,,0.3816767,,,,,,,,,,,,,,1.0142671,,,,,,,,,,,
1997-03,,,,,,,,,,,,,,,,,,,,-1.5482265,-1.6146033,,,,,-1.3207961000000001,,0.39648449999999996,,,,,,,,,,,,,,-0.9610285,,,,,,,,,,,
1997-04,,,,,,,,,,,,,,,,,,,,0.7743184999999999,1.0323878,,,,,0.9494755,,0.47707829999999996,,,,,,,,,,,,,,0.8500133,,,,,,,,,,,
1997-05,,,,,,,,,,,,,,,,,,,,5.2737879,4.5047212000000005,,,,,3.607146,,0.46773689999999996,,,,,,,,,,,,,,2.6532258,,,,,,,,,,,
1997-06,,,,,,,,,,,,,,,,,,,,4.4670275,3.9183852,,,,,3.4279229,,0.4639158,,,,,,,,,,,,,,2.8577348,,,,,,,,,,,
1997-07,,,,,,,,,,,,,,,,,,,,2.4096443,2.0455931,,,,,1.906882,,0.42991369999999995,,,,,,,,,,,,,,1.6617302999999999,,,,,,,,,,,
1997-08,,,,,,,,,,,,,,,,,,,,-2.3084463,-2.0686954,,,,,-1.4967957,,0.34864829999999997,,,,,,,,,,,,,,-0.9013561,,,,,,,,,,,
1997-09,,,,,,,,,,,,,,,,,,,,3.8981132,3.8518424,,,,,3.2882754,,0.3096401,,,,,,,,,,,,,,2.8864617,,,,,,,,,,,
1997-10,,,,,,,,,,,,,,,,,,,,-5.297272,-4.6908087,,,,,-3.1335717,,0.3456709,,,,,,,,,,,,,,-1.8542803,,,,,,,,,,,
1997-11,,,,,,,,,,,,,,,,,,,,1.4510892,1.5601086,,,,,1.2023249,,0.4703391,,,,,,,,,,,,,,0.8946932,,,,,,,,,,,
1997-12,,,,,,,,,,,,,,,,,,,,3.471987,3.0883821,,,,,2.5044645,,0.375962,,,,,,,,,,,,,,1.9085148,,,,,,,,,,,
1998-01,,,,,,,,,,,,,,,,,,,,1.3356082999999999,0.9754738000000001,,,,,0.6941873000000001,,0.30686149999999995,,,,,,,,,,,,,,0.4461906,,,,,,,,,,,
1998-02,,,,,,,,,,,,,,,,,,,,3.7432871,3.0262641,,,,,2.3273631,,0.322851,,,,,,,,,,,,,,1.6223745,,,,,,,,,,,
1998-03,,,,,,,,,,,,,,,,,,,,3.4095981999999996,2.7164688,,,,,2.1255305,,0.3979331,,,,,,,,,,,,,,1.5011373,,,,,,,,,,,
1998-04,,,,,,,,,,,,,,,,,,,,0.8878202999999999,0.7569825,,,,,0.7919199,,0.36869609999999997,,,,,,,,,,,,,,0.8150896,,,,,,,,,,,
1998-05,,,,,,,,,,,,,,,,,,,,-0.3081374,-0.2267724,,,,,0.1836795,,0.3364045,,,,,,,,,,,,,,0.5586312,,,,,,,,,,,
1998-06,,,,,,,,,,,,,,,,,,,,-1.2029978000000001,-1.1641785,,,,,-0.7797116,,0.3899836,,,,,,,,,,,,,,-0.34968109999999997,,,,,,,,,,,
1998-07,,,,,,,,,,,,,,,,,,,,1.7030496,1.6249794000000002,,,,,1.3022018,,0.4191078,,,,,,,,,,,,,,0.9727144999999999,,,,,,,,,,,
1998-08,,,,,,,,,,,,,,,,,,,,-3.3943497000000002,-2.9710926,,,,,-2.1226305,,0.4405205,,,,,,,,,,,,,,-1.12598,,,,,,,,,,,
1998-09,,,,,,,,,,,,,,,,,,,,-0.3900094,0.7072130999999999,,,,,1.3252122,,0.3079875,,,,,,,,,,,,,,1.7083277000000001,,,,,,,,,,,
1998-10,,,,,,,,,,,,,,,,,,,,1.0204316,1.1478843,,,,,1.0403505,,0.334526,,,,,,,,,,,,,,0.8451066,,,,,,,,,,,
1998-11,,,,,,,,,,,,,,,,,,,,4.8738145,3.799785,,,,,2.5177441,,0.3321622,,,,,,,,,,,,,,1.2877239,,,,,,,,,,,
1998-12,,,,,,,,,,,,,,,,,,,,2.1133165999999997,1.4704831,,,,,1.2628074,,0.3733695,,,,,,,,,,,,,,1.0814739,,,,,,,,,,,
1999-01,,,,,,,,,,,,,,,,,,,,0.5870150000000001,0.5611771,,,,,0.44905730000000005,,0.2985471,,,,,,,,,,,,,,0.3311759,,,,,,,,,,,
1999-02,,,,,,,,,,,,,,,,,,,,1.2071128,0.9651048000000001,,,,,0.5126315,,0.3369197,,,,,,,,,,,,,,0.0953742,,,,,,,,,,,
1999-03,,,,,,,,,,,,,,,,,,,,1.7433209,1.4047495,,,,,1.0658447,,0.40172869999999994,,,,,,,,,,,,,,0.7141852,,,,,,,,,,,
1999-04,,,,,,,,,,,,,,,,,,,,2.5206018,2.1455137,,,,,1.6087122999999999,,0.3607154,,,,,,,,,,,,,,1.0624003,,,,,,,,,,,
1999-05,,,,,,,,,,,,,,,,,,,,-3.0276791000000003,-2.8950162,,,,,-2.3887243,,0.3372698,,,,,,,,,,,,,,-1.7780154,,,,,,,,,,,
1999-06,,,,,,,,,,,,,,,,,,,,2.1299512,1.878223,,,,,1.2467096,,0.3809304,,,,,,,,,,,,,,0.6302038,,,,,,,,,,,
1999-07,,,,,,,,,,,,,,,,,,,,2.3502243999999997,2.0385082,,,,,1.7274724000000001,,0.4241805,,,,,,,,,,,,,,1.3995637,,,,,,,,,,,
1999-08,,,,,,,,,,,,,,,,,,,,0.9285933999999999,0.1914331,,,,,0.17864770000000002,,0.39167480000000005,,,,,,,,,,,,,,0.20307379999999997,,,,,,,,,,,
1999-09,,,,,,,,,,,,,,,,,,,,-3.2196191,-1.9258132000000001,,,,,-1.2542595,,0.3832772,,,,,,,,,,,,,,-0.6598998,,,,,,,,,,,
1999-10,,,,,,,,,,,,,,,,,,,,-0.3615045,-1.0913534,,,,,-1.1416552,,0.3303832,,,,,,,,,,,,,,-1.1101801999999998,,,,,,,,,,,
1999-11,,,,,,,,,,,,,,,,,,,,4.6935153,4.7677647,,,,,3.6057339,,0.409949,,,,,,,,,,,,,,2.5426772,,,,,,,,,,,
1999-12,,,,,,,,,,,,,,,,,,,,1.8403236,1.4348072,,,,,0.8680030999999999,,0.4084854,,,,,,,,,,,,,,0.3848848,,,,,,,,,,,
2000-01,,,,,,,,,,,,,,,,,,,,-1.967385,-1.9488094,,,,,-1.407337,,0.42202799999999996,,,,,,,,,,,,,,-0.9002938,,,,,,,,,,,
2000-02,,,,,,,,,,,,,,,,,,,,0.9254191,1.0927934000000001,,,,,1.1451485000000001,,0.43122789999999994,,,,,,,,,,,,,,1.2294805,,,,,,,,,,,
2000-03,,,,,,,,,,,,,,,,,,,,3.6975309999999997,2.9702533,,,,,2.0985093999999997,,0.4853909,,,,,,,,,,,,,,1.3987177,,,,,,,,,,,
2000-04,,,,,,,,,,,,,,,,,,,,-1.9703181,-0.6922996,,,,,-0.2300887,,0.38738670000000003,,,,,,,,,,,,,,0.17995629999999999,,,,,,,,,,,
2000-05,,,,,,,,,,,,,,,,,,,,0.23249820000000002,-0.31780020000000003,,,,,0.024496,,0.5193669,,,,,,,,,,,,,,0.34173139999999996,,,,,,,,,,,
2000-06,,,,,,,,,,,,,,,,,,,,3.0994198,2.8407351000000003,,,,,2.0838238,,0.46546519999999997,,,,,,,,,,,,,,1.3810768,,,,,,,,,,,
2000-07,,,,,,,,,,,,,,,,,,,,2.3392071,1.3443371000000002,,,,,1.1284622,,0.47213359999999993,,,,,,,,,,,,,,0.9571135,,,,,,,,,,,
2000-08,,,,,,,,,,,,,,,,,,,,2.4992454,2.455042,,,,,1.7358398000000002,,0.44498350000000003,,,,,,,,,,,,,,1.1158477,,,,,,,,,,,
2000-09,,,,,,,,,,,,,,,,,,,,-2.9121498999999997,-2.2759771,,,,,-1.2505464000000002,,1.2016351,,,,,,,,,,,,,,-0.271823,,,,,,,,,,,
2000-10,,,,,,,,,,,,,,,,,,,,0.8684502000000001,0.6210285999999999,,,,,0.5243248,,-0.2713849,,,,,,,,,,,,,,0.4253201,,,,,,,,,,,
2000-11,,,,,,,,,,,,,,,,,,,,-0.1657182,0.6340688,,,,,0.7471236,,0.4637362,,,,,,,,,,,,,,0.8472517,,,,,,,,,,,
2000-12,,,,,,,,,,,,,,,,,,,,-1.8203749000000002,-0.036209700000000004,,,,,0.4488906,,0.5386167,,,,,,,,,,,,,,0.891083,,,,,,,,,,,
2001-01,,,,,,,,,,,,,,,,,,,,2.9060149,1.6261781,,,,,1.3945845000000001,,0.5284068000000001,,,,,,,,,,,,,,1.1553834,,,,,,,,,,,
2001-02,,,,,,,,,,,,,,,,,,,,-2.0261164000000003,-1.3538236000000001,,,,,-0.8848136,,0.49215400000000004,,,,,,,,,,,,,,-0.4442589,,,,,,,,,,,
2001-03,,,,,,,,,,,,,,,,,,,,-2.1399903,-1.4779634,,,,,-0.7670761,,0.4389927,,,,,,,,,,,,,,-0.123274,,,,,,,,,,,
2001-04,,,,,,,,,,,,,,,,,,,,2.3058283,1.9444624000000001,,,,,1.2171923,,0.4205561,,,,,,,,,,,,,,0.5797367,,,,,,,,,,,
2001-05,,,,,,,,,,,,,,,,,,,,3.6969607,1.8765921,,,,,1.5339149,,0.3580511,,,,,,,,,,,,,,0.9036690000000001,,,,,,,,,,,
2001-06,,,,,,,,,,,,,,,,,,,,-0.8266127999999999,0.8761992999999999,,,,,0.8295561,,0.3561284,,,,,,,,,,,,,,0.7362387,,,,,,,,,,,
2001-07,,,,,,,,,,,,,,,,,,,,-1.8771924999999998,-2.0008101,,,,,-1.1916298,,0.3088267,,,,,,,,,,,,,,-0.44454079999999996,,,,,,,,,,,
2001-08,,,,,,,,,,,,,,,,,,,,0.5237437,0.1288979,,,,,0.5449011,,0.5315234999999999,,,,,,,,,,,,,,0.8062128999999999,,,,,,,,,,,
2001-09,,,,,,,,,,,,,,,,,,,,-10.2250673,-6.0452107,,,,,-4.1718104,,1.2934728,,,,,,,,,,,,,,-2.2826693,,,,,,,,,,,
2001-10,,,,,,,,,,,,,,,,,,,,7.8509417,4.9924235999999995,,,,,3.9470735,,0.3688731,,,,,,,,,,,,,,2.8054651,,,,,,,,,,,
2001-11,,,,,,,,,,,,,,,,,,,,2.3412821,1.0710578,,,,,0.6569852,,0.2834149,,,,,,,,,,,,,,0.3313332,,,,,,,,,,,
2001-12,,,,,,,,,,,,,,,,,,,,0.06590059999999999,1.3434754,,,,,0.84583,,0.5596618999999999,,,,,,,,,,,,,,0.42405109999999996,,,,,,,,,,,
2002-01,,,,,,,,,,,,,,,,,,,,-0.41606259999999995,-1.1910033,,,,,-0.7521983,,0.3543643,,,,,,,,,,,,,,-0.26317630000000003,,,,,,,,,,,
2002-02,,,,,,,,,,,,,,,,,,,,-0.7973325,0.3081788,,,,,0.3479008,,0.2807923,,,,,,,,,,,,,,0.3700048,,,,,,,,,,,
2002-03,,,,,,,,,,,,,,,,,,,,1.6362063,0.5151658,,,,,0.2188897,,0.22846670000000002,,,,,,,,,,,,,,-0.0299822,,,,,,,,,,,
2002-04,,,,,,,,,,,,,,,,,,,,-0.8649290000000001,-0.7246727,,,,,-0.2007039,,0.32462409999999997,,,,,,,,,,,,,,0.2824007,,,,,,,,,,,
2002-05,,,,,,,,,,,,,,,,,,,,-0.7112031000000001,-0.0378007,,,,,0.0970511,,0.40113299999999996,,,,,,,,,,,,,,0.2491897,,,,,,,,,,,
2002-06,,,,,,,,,,,,,,,,,,,,-4.426305500000001,-2.2377679,,,,,-1.2515528999999999,,0.5218931,,,,,,,,,,,,,,-0.3242026,,,,,,,,,,,
2002-07,,,,,,,,,,,,,,,,,,,,-5.5754842,-3.1653995,,,,,-2.0436943,,0.5282567,,,,,,,,,,,,,,-0.920934,,,,,,,,,,,
2002-08,,,,,,,,,,,,,,,,,,,,5.188994999999999,1.6683699,,,,,1.5562733,,0.3153491,,,,,,,,,,,,,,1.3761214000000002,,,,,,,,,,,
2002-09,,,,,,,,,,,,,,,,,,,,-5.808940199999999,-2.3720262,,,,,-1.3330518,,0.4511269,,,,,,,,,,,,,,-0.36247100000000004,,,,,,,,,,,
2002-10,,,,,,,,,,,,,,,,,,,,2.0421393,0.7356736,,,,,0.5909150999999999,,0.380272,,,,,,,,,,,,,,0.46123509999999995,,,,,,,,,,,
2002-11,,,,,,,,,,,,,,,,,,,,2.1586721,2.0171607000000003,,,,,1.5990712,,0.3773942,,,,,,,,,,,,,,1.1356065,,,,,,,,,,,
2002-12,,,,,,,,,,,,,,,,,,,,-0.8793501,-0.4836748,,,,,0.08478039999999999,,0.3832538,,,,,,,,,,,,,,0.5326352000000001,,,,,,,,,,,
2003-01,,,,,,,,,,,,,,,,,,,,-1.6850465,-1.5337313,,,,,-0.9266416,,0.4504344,,,,,,,,,,,,,,-0.3319868,,,,,,,,,,,
2003-02,,,,,,,,,,,,,,,,,,,,-3.0884992000000002,-1.8397194,,,,,-1.0266342,,0.3358228,,,,,,,,,,,,,,-0.3208691,,,,,,,,,,,
2003-03,,,,,,,,,,,,,,,,,,,,2.2268137,2.1757478,,,,,1.5032201,,0.2593975,,,,,,,,,,,,,,0.8627071,,,,,,,,,,,
2003-04,,,,,,,,,,,,,,,,,,,,2.5479101,1.9860684,,,,,1.6813044,,0.3832373,,,,,,,,,,,,,,1.3020872,,,,,,,,,,,
2003-05,,,,,,,,,,,,,,,,,,,,0.7258312,2.0161153,,,,,1.9253798,,0.3636698,,,,,,,,,,,,,,1.6561958,,,,,,,,,,,
2003-06,,,,,,,,,,,,,,,,,,,,2.0831005,0.1769957,,,,,0.1420116,,0.467374,,,,,,,,,,,,,,0.1467686,,,,,,,,,,,
2003-07,,,,,,,,,,,,,,,,,,,,0.8456296999999999,0.9590827,,,,,0.3376909,,0.1405594,,,,,,,,,,,,,,-0.11218499999999999,,,,,,,,,,,
2003-08,,,,,,,,,,,,,,,,,,,,1.3834149,1.3270697999999999,,,,,0.8594316,,0.2087734,,,,,,,,,,,,,,0.4475784,,,,,,,,,,,
2003-09,,,,,,,,,,,,,,,,,,,,0.5716846,-0.319506,,,,,0.1286936,,0.3435441,,,,,,,,,,,,,,0.4779901,,,,,,,,,,,
2003-10,,,,,,,,,,,,,,,,,,,,0.8943095,1.7941919,,,,,1.2160706000000001,,0.34958110000000003,,,,,,,,,,,,,,0.690635,,,,,,,,,,,
2003-11,,,,,,,,,,,,,,,,,,,,-0.106567,-0.16286230000000002,,,,,0.00652,,0.1707314,,,,,,,,,,,,,,0.1736403,,,,,,,,,,,
2003-12,,,,,,,,,,,,,,,,,,,,2.5724442,2.3360091,,,,,1.9035656,,0.47354759999999996,,,,,,,,,,,,,,1.4566953,,,,,,,,,,,
2004-01,,,,,,,,,,,,,,,,,,,,2.1190148,0.64202,,,,,0.6098952000000001,,0.3932678,,,,,,,,,,,,,,0.5546192,,,,,,,,,,,
2004-02,,,,,,,,,,,,,,,,,,,,0.3125339,0.9545039,,,,,0.8597766,,0.33675,,,,,,,,,,,,,,0.7749427,,,,,,,,,,,
2004-03,,,,,,,,,,,,,,,,,,,,1.3352985,1.6675598,,,,,1.3887661,,0.5463393000000001,,,,,,,,,,,,,,1.1319681,,,,,,,,,,,
2004-04,,,,,,,,,,,,,,,,,,,,2.2841031000000003,1.0177664,,,,,0.643914,,0.3103283,,,,,,,,,,,,,,0.2469694,,,,,,,,,,,
2004-05,,,,,,,,,,,,,,,,,,,,-0.7074592000000001,0.1397272,,,,,0.1967499,,0.4157715,,,,,,,,,,,,,,0.271477,,,,,,,,,,,
2004-06,,,,,,,,,,,,,,,,,,,,2.9739486,2.3347659,,,,,1.7709975,,0.4790726,,,,,,,,,,,,,,1.1713963,,,,,,,,,,,
2004-07,,,,,,,,,,,,,,,,,,,,-2.1306719,-0.9709841,,,,,-0.5849862,,0.34178939999999997,,,,,,,,,,,,,,-0.1411205,,,,,,,,,,,
2004-08,,,,,,,,,,,,,,,,,,,,1.3810071,1.3994639999999998,,,,,1.2905599,,0.4398354,,,,,,,,,,,,,,1.2059564999999999,,,,,,,,,,,
2004-09,,,,,,,,,,,,,,,,,,,,2.3507505,1.2706863000000002,,,,,1.1198061000000001,,0.4379646,,,,,,,,,,,,,,0.9880819000000001,,,,,,,,,,,
2004-10,,,,,,,,,,,,,,,,,,,,-0.007050000000000001,1.1596670999999998,,,,,0.9555138,,0.39128749999999995,,,,,,,,,,,,,,0.7809294999999999,,,,,,,,,,,
2004-11,,,,,,,,,,,,,,,,,,,,4.2419785,2.7524887000000002,,,,,2.1053432,,0.4476837,,,,,,,,,,,,,,1.4792232,,,,,,,,,,,
2004-12,,,,,,,,,,,,,,,,,,,,3.7229344999999996,2.794117,,,,,2.1015047,,0.38081740000000003,,,,,,,,,,,,,,1.4075123,,,,,,,,,,,
2005-01,,,,,,,,,,,,,,,,,,,,-0.1414612,0.3294011,,,,,0.3393726,,0.32660649999999997,,,,,,,,,,,,,,0.3625003,,,,,,,,,,,
2005-02,,,,,,,,,,,,,,,,,,,,1.2494868,0.2613136,,,,,0.2170489,,0.2178602,,,,,,,,,,,,,,0.1561873,,,,,,,,,,,
2005-03,,,,,,,,,,,,,,,,,,,,0.7458418,0.26369319999999996,,,,,0.23960399999999998,,0.3659539,,,,,,,,,,,,,,0.2108752,,,,,,,,,,,
2005-04,,,,,,,,,,,,,,,,,,,,-1.8302149,-0.8201632000000001,,,,,-0.2929629,,0.5459590999999999,,,,,,,,,,,,,,0.23655400000000001,,,,,,,,,,,
2005-05,,,,,,,,,,,,,,,,,,,,2.1874149999999997,2.2607146,,,,,1.7916026,,0.39502210000000004,,,,,,,,,,,,,,1.3224032000000001,,,,,,,,,,,
2005-06,,,,,,,,,,,,,,,,,,,,2.570664,2.3181325,,,,,1.8778468,,0.49584,,,,,,,,,,,,,,1.4595909,,,,,,,,,,,
2005-07,,,,,,,,,,,,,,,,,,,,2.7750472000000004,1.9938464,,,,,1.4365666,,0.3266972,,,,,,,,,,,,,,0.8826479,,,,,,,,,,,
2005-08,,,,,,,,,,,,,,,,,,,,1.1914176,0.5224796,,,,,0.5614703000000001,,0.4814056,,,,,,,,,,,,,,0.5967521,,,,,,,,,,,
2005-09,,,,,,,,,,,,,,,,,,,,3.5510514,3.2649437000000003,,,,,2.3644861,,0.3280794,,,,,,,,,,,,,,1.4995052,,,,,,,,,,,
2005-10,,,,,,,,,,,,,,,,,,,,-2.467129,-2.5674283,,,,,-1.8639080999999997,,0.3445022,,,,,,,,,,,,,,-1.1733891,,,,,,,,,,,
2005-11,,,,,,,,,,,,,,,,,,,,4.863011200000001,4.3371932,,,,,3.2791501,,0.5252154,,,,,,,,,,,,,,2.2014671,,,,,,,,,,,
2005-12,,,,,,,,,,,,,,,,,,,,2.176118,2.0521099,,,,,1.6178571,,0.4014242,,,,,,,,,,,,,,1.1931127,,,,,,,,,,,
2006-01,,,,,,,,,,,,,,,,,,,,1.0113306,1.6136793,,,,,1.2031234,,0.41014290000000003,,,,,,,,,,,,,,0.7932794999999999,,,,,,,,,,,
2006-02,,,,,,,,,,,,,,,,,,,,2.1206597,0.7448181,,,,,0.6743439999999999,,0.3766933,,,,,,,,,,,,,,0.5821906,,,,,,,,,,,
2006-03,,,,,,,,,,,,,,,,,,,,3.976119,3.0474323,,,,,2.2280669,,0.42726600000000003,,,,,,,,,,,,,,1.3746851,,,,,,,,,,,
2006-04,,,,,,,,,,,,,,,,,,,,0.9581596,0.7396275,,,,,0.4076301,,0.2577495,,,,,,,,,,,,,,0.16099370000000002,,,,,,,,,,,
2006-05,,,,,,,,,,,,,,,,,,,,-3.8307897,-1.8307156000000002,,,,,-1.1844662000000001,,0.38964329999999997,,,,,,,,,,,,,,-0.5103492000000001,,,,,,,,,,,
2006-06,,,,,,,,,,,,,,,,,,,,0.3535323,0.41136569999999995,,,,,0.39354710000000004,,0.4092129,,,,,,,,,,,,,,0.3712994,,,,,,,,,,,
2006-07,,,,,,,,,,,,,,,,,,,,-0.7239485999999999,-1.057943,,,,,-0.6625886,,0.2986602,,,,,,,,,,,,,,-0.2546238,,,,,,,,,,,
2006-08,,,,,,,,,,,,,,,,,,,,2.1419237,1.6386669999999999,,,,,1.3843613,,0.49840850000000003,,,,,,,,,,,,,,1.1208859999999998,,,,,,,,,,,
2006-09,,,,,,,,,,,,,,,,,,,,1.6846748000000002,1.1038401999999998,,,,,0.9922161,,0.4285674,,-2.5,,,,-1.4597,,-1.9286,,0.3828,,0.37260000000000004,,0.87585,,,,,,,,,,,
2006-10,,,,,,,,,,,,,,,,,,,,2.9791478,2.3707599,,,,,1.7261826,,0.449383,,0.97,,,,-0.0110389,,-0.5612752000000001,,0.10168930000000001,,0.4927359,,1.0779706999999998,,,,,,,,,,,
2006-11,,,,,,,,,,,,,,,,,,,,0.1135289,0.3580028,,,,,0.47241799999999995,,0.47280849999999996,,0.7853733999999999,,,,-0.9610788,,4.3564054,,0.9399459000000001,,0.9050294000000001,,0.6084377999999999,,,,,,,,,,,
2006-12,,,,,,,,,,,,,,,,,,,,3.4354702,2.6440142,,,,,1.8903455999999998,,0.42968049999999997,,4.4163125,,,,3.6782833,,2.1950043,,-0.439617,,-0.2903259,,1.1012427999999999,,,,,,,,,,,
2007-01,,,,,,,,,,,,,,,,,,,,1.4456251999999998,1.2686415,,,,,1.0023125000000002,,0.49199869999999996,,1.8466869000000001,,,,1.0157513,,4.2073682,,0.4806747,,-0.2505681,,0.7343757000000001,,,,,,,,,,,
2007-02,,,,,,,,,,,,,,,,,,,,2.7953022,2.3697299000000003,,,,,1.8556774000000003,,0.41350040000000005,,5.191628000000001,,,,1.1695634,,1.7393219000000002,,0.6361786,,1.0268842999999999,,1.3274897,,,,,,,,,,,
2007-03,,,,,,,,,,,,,,,,,,,,-1.8384654,-1.377378,,,,,-0.9062254000000001,,0.42301459999999996,,-0.9414229,,,,-3.0768002,,-4.6438594,,0.139339,,0.3305077,,-0.39798819999999996,,,,,,,,,,,
2007-04,,,,,,,,,,,,,,,,,,,,3.2750012,2.6424525,,,,,1.9629667,,0.4496206,,4.7166408,,,,2.845153,,3.7724573999999995,,0.4414802,,-0.11772679999999999,,1.2866644,,,,,,,,,,,
2007-05,,,,,,,,,,,,,,,,,,,,1.5508861,1.1860985,,,,,0.8832041,,0.4883483,,1.7126066,,,,2.0350892,,-0.44373349999999995,,0.0101055,,-0.4760823,,0.576825,,,,,,,,,,,
2007-06,,,,,,,,,,,,,,,,,,,,-0.9550853,-0.6553652,,,,,-0.4423234,,0.4579482,,-0.1447339,,,,-2.4366029,,0.014792099999999999,,-0.2601655,,-0.3210137,,-0.2022804,,,,,,,,,,,
2007-07,,,,,,,,,,,,,,,,,,,,-2.3410436,-1.5870729,,,,,-0.9654513,,0.3928954,,-2.6394066,,,,-3.4944314999999997,,-0.8269059000000001,,0.5624083,,1.3877769,,-0.2963668,,,,,,,,,,,
2007-08,,,,,,,,,,,,,,,,,,,,1.3595685,1.1993854,,,,,1.0422206999999999,,0.4816748,,1.0903155,,,,1.9762036,,2.7170632,,0.8280378999999999,,1.0212349,,0.9115758999999999,,,,,,,,,,,
2007-09,,,,,,,,,,,,,,,,,,,,2.9075578,2.3851062,,,,,1.7097985999999998,,0.4419816,,6.1482887999999996,,,,-0.1327399,,2.2123248,,-0.22970600000000002,,-0.0615312,,1.1387042,,,,,,,,,,,
2007-10,,,,,,,,,,,,,,,,,,,,1.7256045000000002,1.5393066,,,,,1.2585122,,0.5228314000000001,,4.5861974,,,,-0.5453423,,0.6061147,,0.141855,,1.1970153000000001,,1.0126025,,,,,,,,,,,
2007-11,,,,,,,,,,,,,,,,,,,,-2.9104937,-2.1980743,,,,,-1.3640835,,0.4758131,,-5.1070162,,,,-1.5695560000000002,,-3.8993550000000003,,0.18262599999999998,,0.9514507999999999,,-0.5731067000000001,,,,,,,,,,,
2007-12,,,,,,,,,,,,,,,,,,,,0.5957089,0.4698205,,,,,0.3813149,,0.4715387,,0.1153958,,,,0.9446289,,-1.8235419,,-0.4186635,,-0.12034529999999999,,0.30637559999999997,,,,,,,,,,,
2008-01,,,,,,,,,,,,,,,,,,,,-6.8862969,-4.9279801999999995,,,,,-3.1164537,,0.5455349,,-8.750335,,,,-8.3110863,,-4.6854684,,1.4000496,,2.1482372,,-1.3149848,,,,,,,,,,,
2008-02,,,,,,,,,,,,,,,,,,,,-0.059987599999999995,-0.0342837,,,,,-0.06177030000000001,,0.4767829,,0.8663499,,,,-1.2134465,,-0.9502921,,-1.2563332999999999,,-0.29451920000000004,,-0.0787287,,,,,,,,,,,
2008-03,,,,,,,,,,,,,,,,,,,,-3.4937996,-2.5390994,,,,,-1.55693,,0.5035558,,-5.6409252,,,,-2.4388407,,-2.0721076000000003,,1.7590839,,0.8625066000000001,,-0.5800780999999999,,,,,,,,,,,
2008-04,,,,,,,,,,,,,,,,,,,,3.6345975000000004,2.8132992,,,,,2.0575406000000003,,0.5741558,,4.1433817,,,,4.1508664,,1.7154615000000002,,-0.0242614,,-0.5963475,,1.3061952,,,,,,,,,,,
2008-05,,,,,,,,,,,,,,,,,,,,0.011919,0.1170609,,,,,0.1576001,,0.5474675,,1.4819448000000002,,,,-1.2566414,,-1.6632791,,0.1418779,,-0.039208400000000004,,0.20401590000000003,,,,,,,,,,,
2008-06,,,,,,,,,,,,,,,,,,,,-5.1964539,-3.8928847,,,,,-2.6956041,,0.5794796,,-6.2983609,,,,-6.0380932,,-3.5145128999999997,,0.36931379999999997,,-0.19593280000000002,,-1.4553058,,,,,,,,,,,
2008-07,,,,,,,,,,,,,,,,,,,,-3.6992707,-2.6953343000000003,,,,,-1.712512,,0.5032059999999999,,-6.421524400000001,,,,-2.4728969,,-2.1784477,,1.1376091,,0.5352165,,-0.7526459,,,,,,,,,,,
2008-08,,,,,,,,,,,,,,,,,,,,3.903321,3.2079290000000005,,,,,2.6893392,,0.5350332,,3.6853895999999997,,,,5.5110231,,1.6963751999999999,,2.3900398,,1.9459611,,2.1414019,,,,,,,,,,,
2008-09,,,,,,,,,,,,,,,,,,,,-2.3078216,-1.6442779,,,,,-1.1568755,,0.4818366,,-0.8958761000000001,,,,-4.888849,,1.0412492,,0.41388650000000005,,-1.0443198,,-0.6105519,,,,,,,,,,,
2008-10,,,,,,,,,,,,,,,,,,,,-11.5127114,-8.6546967,,,,,-5.7952265,,0.6128492999999999,,-16.3624047,,,,-11.8730371,,-11.871150199999999,,2.2993991,,-0.2650978,,-2.8423462,,,,,,,,,,,
2008-11,,,,,,,,,,,,,,,,,,,,-2.2304378,-1.5253411,,,,,-0.7279475,,0.4507505,,-5.8470489,,,,-1.748844,,1.555028,,2.2780075,,1.1891597999999999,,0.023831699999999997,,,,,,,,,,,
2008-12,,,,,,,,,,,,,,,,,,,,0.2869624,0.5053969,,,,,0.6571226,,0.3832994,,2.4556692,,,,-2.2747018,,-1.8423503,,1.0263982,,2.247464,,0.8257011,,,,,,,,,,,
2009-01,,,,,,,,,,,,,,,,,,,,-1.4918624999999999,-1.2154703,,,,,-0.7756449000000001,,0.3172729,,-2.9361821,,,,0.9311698,,-5.1379861,,1.0905163,,-0.4610407,,-0.4004434,,,,,,,,,,,
2009-02,,,,,,,,,,,,,,,,,,,,-4.2633542,-3.1940446,,,,,-2.2391068,,0.2587062,,-2.9822938,,,,-7.644050600000001,,-3.7737433,,-0.5304792,,0.1669079,,-1.2345825,,,,,,,,,,,
2009-03,,,,,,,,,,,,,,,,,,,,5.1574198,4.0545676,,,,,2.8973388,,0.216191,,9.9848484,,,,2.0895496,,2.0870841,,-0.5191177,,0.023829799999999998,,1.7537476,,,,,,,,,,,
2009-04,,,,,,,,,,,,,,,,,,,,1.3493576,1.0658707,,,,,0.8482389,,0.2399849,,1.1731785,,,,3.0152799,,-1.2439068,,0.5417970999999999,,0.6101462,,0.6131622,,,,,,,,,,,
2009-05,,,,,,,,,,,,,,,,,,,,1.8492096999999998,1.4601812,,,,,0.9671641999999999,,0.1980141,,2.3977093000000003,,-2.1399999999999997,,1.1361384,,4.9975159,,-1.2027794,,-0.5115502,,0.5183196,,,,,,,,,,,
2009-06,,,,,,,,,,,,,,,,,,,,0.7133502,0.6158458,,,,,0.5476453,,0.2515792,,3.6365129000000005,,1.9944222,,-0.5571697,,-2.0773305,,-0.1557026,,1.2960594,,0.4229571,,,,,,,,,,,
2009-07,,,,,,,,,,,,,,,,,,,,3.336339,2.6208844,,,,,1.9911372999999999,,0.2186206,,3.9714573000000004,,4.3741515,,3.9785166,,-0.9088276,,0.2890526,,0.6989204,,1.3527248,,,,,,,,,,,
2009-08,,,,,,,,,,,,,,,,,,,,4.9242695,3.9777395,,,,,3.037815,,0.2061231,,7.5404834,,8.105396800000001,,3.9619415,,3.3624861999999998,,1.0211975,,1.451673,,2.0853048,,,,,,,,,,,
2009-09,,,,,,,,,,,,,,,,,,,,2.1137213,1.797446,,,,,1.4468136,,0.2559264,,5.1099475,,4.9295156,,-0.2367863,,1.4412458,,0.8421516,,0.8114555000000001,,1.0918008,,,,,,,,,,,
2009-10,,,,,,,,,,,,,,,,,,,,-1.3719759999999999,-1.0651081,,,,,-0.7998732999999999,,0.2086603,,-0.0431313,,1.5051013,,-3.1674531,,-1.260772,,-1.0676174999999999,,0.0334958,,-0.5335688,,,,,,,,,,,
2009-11,,,,,,,,,,,,,,,,,,,,1.3623086,1.1547345,,,,,1.0178995,,0.2459366,,0.6242353,,0.4065254,,2.5989117,,-0.146457,,1.3927985,,0.8782862,,0.8720363,,,,,,,,,,,
2009-12,,,,,,,,,,,,,,,,,,,,2.4165419,1.8010526999999998,,,,,1.2335877,,0.28423699999999996,,2.9134896,,2.5477681,,3.0479411,,0.6136747,,-0.4049551,,-0.7095856,,0.6674215,,,,,,,,,,,
2010-01,,,,,,,,,,,,,,,,,,,,-2.4730253,-1.7436871999999999,,,,,-1.0188493,,0.2882592,,-3.6277396000000004,,-3.5069863,,-2.6498552,,-1.7460608,,1.2572965999999999,,1.0194518,,-0.3049784,,,,,,,,,,,
2010-02,,,,,,,,,,,,,,,,,,,,0.3499598,0.3698518,,,,,0.3679502,,0.2833835,,0.7815040000000001,,1.0680711,,-0.2403587,,0.7573878,,0.3863713,,0.6018344999999999,,0.381119,,,,,,,,,,,
2010-03,,,,,,,,,,,,,,,,,,,,4.0478443,3.0952859999999998,,,,,2.2453099,,0.3005946,,5.683013600000001,,5.5222105,,4.3503089,,0.21239700000000003,,-0.29893430000000004,,0.4396337,,1.3740018999999999,,,,,,,,,,,
2010-04,,,,,,,,,,,,,,,,,,,,-0.7680034,-0.484799,,,,,-0.2280254,,0.2957549,,-1.6839940000000002,,-1.9859645,,-0.44829270000000004,,1.3880579,,0.6172735,,0.30286240000000003,,0.0184449,,,,,,,,,,,
2010-05,,,,,,,,,,,,,,,,,,,,-3.9920838,-2.9383571,,,,,-1.8605063000000002,,0.2910399,,-7.891339,,-7.6353539,,-1.4350224,,-1.6066217,,1.3124846000000001,,1.4662593,,-0.8006135,,,,,,,,,,,
2010-06,,,,,,,,,,,,,,,,,,,,-1.6842726,-1.0569819,,,,,-0.515612,,0.3735654,,-1.5289831999999999,,-3.5446871,,-3.3838502,,1.241993,,1.2879588000000002,,1.4226596,,0.0547452,,,,,,,,,,,
2010-07,,,,,,,,,,,,,,,,,,,,3.3228601,2.5890845,,,,,1.9018726,,0.3217519,,4.610183,,5.9036767,,3.1129205,,1.1016369,,0.05043890000000001,,0.436028,,1.2175104,,,,,,,,,,,
2010-08,,,,,,,,,,,,,,,,,,,,-2.1283844,-1.3992807,,,,,-0.7283183000000001,,0.341502,,-2.6456576,,-3.6892677,,-2.6680965,,0.0226791,,1.5841072,,2.1245783,,-0.0463663,,,,,,,,,,,
2010-09,,,,,,,,,,,,,,,,,,,,3.7069642,2.7966466999999997,,,,,1.9335227,,0.3425067,,6.7671603,,7.253116499999999,,1.6331853,,0.38430640000000005,,-0.8115424,,0.3194392,,1.1010852,,,,,,,,,,,
2010-10,,,,,,,,,,,,,,,,,,,,0.6174657,0.5175005,,,,,0.4635669,,0.3346097,,-0.3044044,,-0.6896796000000001,,2.1930216,,0.6221214,,0.2514619,,-0.0995855,,0.3676246,,,,,,,,,,,
2010-11,,,,,,,,,,,,,,,,,,,,0.1189645,0.0719928,,,,,0.032758800000000005,,0.3290649,,-0.1831128,,-0.4562612,,0.2435114,,-0.1810614,,-0.44311359999999994,,-0.8156673999999999,,0.00693,,,,,,,,,,,
2010-12,,,,,,,,,,,,,,,,,,,,1.9390553000000001,1.5372474,,,,,1.1220048,,0.38615659999999996,,3.6689753,,3.6588211000000004,,0.5702185000000001,,0.5701964,,-0.1109673,,-0.0591437,,0.7359689,,,,,,,,,,,
2011-01,,,,,,,,,,,,,,,,,,,,1.9876962000000002,1.6447342,,,,,1.3954423,,0.34028600000000003,,0.5853169,,0.3916147,,4.7755448,,1.4578739,,1.1029471000000002,,-0.1762651,,1.0810357,,,,,,,,,,,
2011-02,,,,,,,,,,,,,,,,,,,,0.0588532,0.1351543,,,,,0.17311710000000002,,0.32549300000000003,,0.7152217,,-0.3999353,,-1.1578135999999999,,0.47658839999999997,,0.2399981,,0.4512684,,0.23334710000000003,,,,,,,,,,,
2011-03,,,,,,,,,,,,,,,,,,,,0.1548789,0.2453397,,,,,0.3412938,,0.3788568,,-0.1634939,,0.5127187,,-0.4676785,,-0.024495799999999998,,0.8675495,,0.3168691,,0.4638957,,,,,,,,,,,
2011-04,,,,,,,,,,,,,,,,,,,,0.9954795000000001,0.888614,,,,,0.7324418,,0.3296792,,2.7529339999999998,,2.0919993000000003,,-0.7309723,,1.1385543999999999,,0.297023,,0.5331855,,0.5779679999999999,,,,,,,,,,,
2011-05,,,,,,,,,,,,,,,,,,,,-1.6609467,-1.0984251,,,,,-0.555279,,0.421548,,-2.9391881,,-2.8029161,,-1.0639641,,0.150091,,1.1143197,,1.5521132,,-0.0329787,,,,,,,,,,,
2011-06,,,,,,,,,,,,,,,,,,,,-0.33300209999999997,-0.1340129,,,,,0.044958,,0.3891801,,-0.9566198,,-0.9051247,,-0.2736519,,0.5623,,0.6581375,,0.0559997,,0.23071540000000001,,,,,,,,,,,
2011-07,,,,,,,,,,,,,,,,,,,,-1.6780743,-1.1345429,,,,,-0.6320277,,0.31243719999999997,,-1.5433607999999999,,-2.3461081000000004,,-2.5923547,,-1.0587223,,0.9391962,,0.6875456,,-0.139868,,,,,,,,,,,
2011-08,,,,,,,,,,,,,,,,,,,,-4.1849501,-2.9231257999999998,,,,,-1.8460964,,0.3735965,,-4.3111384,,-4.4421383,,-5.7320519,,-0.41805260000000005,,2.0837187999999998,,1.8880890000000001,,-0.7798765,,,,,,,,,,,
2011-09,,,,,,,,,,,,,,,,,,,,-1.0428013,-0.6806596,,,,,-0.3025968,,0.334586,,-3.5876071,,-3.7005885000000003,,0.5836007,,-0.043168200000000004,,0.8314881,,0.8805092000000001,,0.0598853,,,,,,,,,,,
2011-10,,,,,,,,,,,,,,,,,,,,4.031988999999999,3.0260044,,,,,2.0971065,,0.32956959999999996,,6.480606699999999,,6.858958800000001,,2.7005399,,1.3564433,,-0.3810831,,0.1324362,,1.2086856,,,,,,,,,,,
2011-11,,,,,,,,,,,,,,,,,,,,-3.1974843,-2.2524582,,,,,-1.3599926,,0.35490869999999997,,-4.8545456,,-5.628614600000001,,-2.7693928,,-0.2440424,,1.2017557,,0.24870740000000002,,-0.49107409999999996,,,,,,,,,,,
2011-12,,,,,,,,,,,,,,,,,,,,0.5911128,0.5311102,,,,,0.44310900000000003,,0.3291042,,0.35111729999999997,,0.1804923,,0.49228900000000003,,0.7210715000000001,,0.22035039999999997,,1.5882548,,0.3792413,,,,,,,,,,,
2012-01,,,,,,,,,,,,,,,,,,,,2.8458821,2.2072163,,,,,1.598898,,0.3178588,,3.9450918,,4.8494606000000005,,2.6756288,,2.4725961,,-0.015789400000000002,,0.8093266,,0.9960104,,,,,,,,,,,
2012-02,,,,,,,,,,,,,,,,,,,,1.6884039,1.3422832,,,,,1.0704834,,0.3032617,,1.123118,,0.1270598,,3.0621302999999997,,0.20532440000000002,,0.5729576000000001,,0.6614312,,0.7488811,,,,,,,,,,,
2012-03,,,,,,,,,,,,,,,,,,,,2.6052492,2.0259221000000003,,,,,1.5462270999999999,,0.3155413,,2.1742087,,1.8692578000000002,,4.0751033,,1.0404435,,0.6953828,,0.39015099999999997,,1.0241597999999998,,,,,,,,,,,
2012-04,,,,,,,,,,,,,,,,,,,,-0.2069707,0.009890000000000001,,,,,0.1704433,,0.3172032,,0.1453158,,0.9300447999999999,,-1.0574419,,1.7622038999999998,,1.3390661,,0.49634520000000004,,0.3418043,,,,,,,,,,,
2012-05,,,,,,,,,,,,,,,,,,,,-2.506369,-1.7031905,,,,,-0.9498924000000001,,0.3501316,,-4.8266366,,-5.8210935,,-1.7539737999999998,,-0.0710394,,2.0325911,,0.44345260000000003,,-0.20709460000000002,,,,,,,,,,,
2012-06,,,,,,,,,,,,,,,,,,,,-1.0457313,-0.6998069,,,0.0,,-0.3369024,,0.2324644,,-1.8370866,,-1.0626830999999999,,-1.7184329000000003,,1.2786878,,0.7852,,0.2785164,,-0.0457783,,,,,,,,,,,
2012-07,,,,,,,,,,,,,,,,,,,,1.4931383,1.2685497000000001,,,0.8099999999999999,,1.0738801,,0.22650919999999997,,2.7096143,,3.5008377999999998,,0.3601159,,1.8938667,,0.6205263,,0.6136625,,0.7807838,,,,,,,,,,,
2012-08,,,,,,,,,,,,,,,,,,,,2.8755354,2.3062951000000003,,,2.1879405000000003,,1.6501944000000002,,0.278492,,4.263720800000001,,4.5382721,,3.0623772000000002,,0.880621,,0.0982335,,0.42572240000000006,,0.9579653,,,,,,,,,,,
2012-09,,,,,,,,,,,,,,,,,,,,1.2081296,1.0734701,,,0.8184054,,0.909127,,0.25366120000000003,,0.4868024,,0.3642204,,2.2738272999999998,,0.3935398,,1.1768078,,0.3980467,,0.6925821000000001,,,,,,,,,,,
2012-10,,,,,,,,,,,,,,,,,,,,0.8470602,0.7643834,,,0.7626576,,0.657245,,0.2752113,,2.4613763,,2.3037177,,-0.38304900000000003,,1.2320475,,0.3687488,,0.36348790000000003,,0.5093183,,,,,,,,,,,
2012-11,,,,,,,,,,,,,,,,,,,,-0.10354069999999999,-0.0482292,,,0.15365120000000002,,0.033890500000000004,,0.2131169,,-0.1469042,,0.053882599999999996,,-0.3798076,,0.1467847,,-0.0579698,,0.5857815,,0.1150887,,,,,,,,,,,
2012-12,,,,,,,,,,,,,,,,,,,,3.1001775,2.4522445999999998,,,2.3122998,,1.7945695000000002,,0.2460954,,4.1466233,,4.3634985,,3.2132495,,1.4422908,,0.3229362,,0.364779,,1.0329888,,,,,,,,,,,
2013-01,,,,,,,,,,,,,,,,,,,,3.6515975999999997,2.9043846,,,2.9163442,,2.1246536,,0.26123219999999997,,4.6564198,,5.0967612,,3.8512814,,2.2341917,,-0.052610500000000004,,0.1503158,,1.212456,,,,,,,,,,,
2013-02,,,,,,,,,,,,,,,,,,,,1.275545,1.1130676000000002,,,0.9882716,,0.8995840999999999,,0.21835549999999998,,3.1894535,,1.9265672,,-0.0726771,,0.48642060000000004,,0.7189087000000001,,0.3282662,,0.6871753,,,,,,,,,,,
2013-04,,,,,,,,,,,,,,,,,,,,2.6001244999999997,2.168889,,,2.0226082,,1.7730741,,0.43792149999999996,,1.79541,,1.9823372,,3.5230997,,2.76946,,0.8984652,,0.9951262000000001,,1.246478,,,,,,,,,,,
2013-05,,,,,,,,,,,,,,,,,,,,3.2095553999999997,2.4777344,,,2.3652398000000003,,1.7129309999999998,,0.2959369,,-0.9184460999999999,,-0.9177787999999999,,8.5438425,,0.66706,,-0.018749500000000002,,0.1396802,,0.8538168,,,,,,,,,,,
2013-06,,,,,,,,,,,,,,,,,,,,-2.2166211000000002,-1.988537,,,-2.0437478,,-1.5538847,,0.19196459999999999,,-4.3029071000000005,,-3.7715209,,-1.2368295,,-1.3212094,,-1.1340831,,-0.6058195,,-0.9856782,,,,,,,,,,,
2013-07,,,,,,,,,,,,,,,,,,,,5.1432595999999995,4.3234234,,,4.177161900000001,,3.299678,,0.2358317,,6.0405280999999995,,6.0641246,,6.3991964,,2.5084993,,1.0446781,,0.1805683,,1.9480856000000002,,,,,,,,,,,
2013-08,,,,,,,,,,,,,,,,,,,,1.0163377,0.8288123999999999,,,0.43895239999999996,,0.6024752999999999,,0.20850589999999997,,1.8907516,,0.8310916999999999,,0.9737976,,-0.47007259999999995,,-0.0513866,,0.0126354,,0.34664320000000004,,,,,,,,,,,
2013-09,,,,,,,,,,,,,,,,,,,,2.73094,2.2183732000000003,,,1.9681621,,1.6553617,,0.1744348,,5.0409835,,4.6315247,,1.5789659,,0.2847052,,0.2765225,,0.3734837,,0.917161,,,,,,,,,,,
2013-10,,,,,,,,,,,,,,,,,,,,1.7495565000000002,1.4762498000000002,,,1.7413563,,1.2031242,,0.2360966,,1.7277489,,1.8775838,,1.8555224,,1.7980739,,0.43806280000000003,,0.5300756999999999,,0.79475,,,,,,,,,,,
2013-11,,,,,,,,,,,,,,,,,,,,1.3355047,1.053879,,,1.0437042,,0.6741556,,0.1877318,,-0.8930554,,-0.22827889999999998,,4.5333157,,-0.1703744,,-0.0666101,,0.2479729,,0.356547,,,,,,,,,,,
2013-12,,,,,,,,,,,,,,,,,,,,1.647562,1.3377503000000002,,,1.1767716,,1.0021071,,0.1918433,,-0.1168393,,-0.2579037,,3.6540219,,0.1747202,,0.3417304,,0.052860899999999995,,0.6622996,,,,,,,,,,,
2014-01,,,,,,,,,,,,,,,,,,,,-0.9901493000000001,-0.6579486,,,-0.6859015,,-0.27286469999999996,,0.2252942,,-1.61129,,-1.6358373,,-1.4990596,,1.2647323,,0.8334549,,0.7804171000000001,,0.0990534,,,,,,,,,,,
2014-02,,,,,,,,,,,,,,,,,,,,2.5177156,2.0532613,,,1.9538252999999999,,1.5335301000000001,,0.1823414,,4.5839099,,3.3092374,,1.7670149,,0.9224507,,0.3490298,,0.4065362,,0.8830524,,,,,,,,,,,
2014-03,,,,,,,,,,,,,,,,,,,,-1.4789588,-1.0728685,,,-0.7082334,,-0.6212493,,0.1907717,,-0.6399076,,-0.2374401,,-3.32724,,-0.7018532,,0.4192831,,0.2721939,,-0.1642275,,,,,,,,,,,
2014-04,,,,,,,,,,,,,,,,,,,,1.3023898,1.1464049,,,1.2849981,,0.9395678,,0.22007680000000002,,2.7180209,,2.6920932,,0.5709438,,1.733086,,0.8781216,,0.42766469999999995,,0.6947829,,,,,,,,,,,
2014-05,,,,,,,,,,,,,,,,,,,,1.5727758,1.3485806,,,1.6071538,,1.1634289,,0.282445,,0.2929585,,0.6331895,,2.8973005,,1.131446,,1.0720099,,0.6985927000000001,,0.8695369999999999,,,,,,,,,,,
2014-06,,,,,,,,,,,,,,,,,,,,-0.2562674,-0.0833592,,,0.0378858,,0.1676977,,0.22808059999999997,,-1.8631694,,-1.4395928,,0.4926412,,0.1083894,,0.8655714,,0.3631811,,0.3365071,,,,,,,,,,,
2014-07,0.82,1.19,,,,,,,,1.34,1.57,0.21,0.37,1.11,0.76,-0.11,3.6,2.12,,1.3473418,1.1267437,,,1.1277452000000001,,0.8605385999999999,,0.187046,,2.7222432000000003,,2.6467872999999997,,0.13969220000000002,,1.6063999999999998,,0.3408248,,0.6438648,,0.5714699,,,,,,,,,,,
2014-08,0.72,1.55,,,,,,,,1.12,1.23,0.21,0.8,1.18,-0.06,1.89,1.19,1.44,,1.3110016,1.0916591999999998,,,1.0181485000000001,,0.8968307,,0.20581979999999997,,1.7307655000000002,,1.6344786,,1.1114433,,0.6166574,,0.6420755,,0.9652498,,0.627356,,,,,,,,,,,
2014-09,-0.14,-0.49,,,,,,,,-0.58,-0.77,0.22,0.03,1.19,0.34,1.43,-4.02,1.58,,-0.39778579999999997,-0.3328036,,,-0.5157898999999999,,-0.2509579,,0.1955086,,-4.3088683,,-3.9020353,,2.7674183,,0.1036836,,-0.2607955,,-0.370751,,-0.1366765,,,,,,,,,,,
2014-10,0.72,2.46,,,,,,,,1.19,1.34,0.21,0.64,0.5,-0.06,0.6,2.86,1.71,,-0.23096440000000001,-0.0132306,,,0.199467,,0.2160079,,0.2237515,,2.0216472999999997,,2.0394033,,-2.0732977,,2.0349148,,0.8190715,,0.8846356,,0.3686943,,,,,,,,,,,
2014-11,0.47,1.56,,,,,,,,0.6,0.55,0.21,0.84,0.56,0.06,3.71,-2.36,0.93,,2.9059888999999997,2.2582263,,,2.0415355,,1.6215826999999998,,0.1879692,,-0.0673044,,0.3411867,,6.6840321,,1.8670204,,0.8022675,,0.9092746,,1.0773628,,,,,,,,,,,
2014-12,0.65,2.63,,,,,,,,0.77,0.9,0.22,0.82,1.06,0.34,0.58,1.31,1.32,,1.348077,1.2047653,,,1.0583939,,1.0621398,,0.2280921,,1.3603003,,1.2921745,,2.6443074,,1.4160759,,1.4080226,,0.7934525,,0.8759988,,,,,,,,,,,
2015-01,1.13,2.55,,,,,,,,1.63,2.04,0.24,1.24,0.63,1.24,2.6,2.1,1.2,,0.8295145,0.8078665,,,0.9520595999999999,,0.8194702,,0.2068023,,1.1873374,,1.5076341,,-0.6533169,,3.1889189,,1.0798066,,1.8056992,,0.7233951,,,,,,,,,,,
2015-02,1.69,3.07,,,,,,,,3.46,4.24,0.18,0.08,0.55,1.35,4.53,6.3,0.6,,4.7697283,3.7789235999999997,,,3.3706465,,2.6098783,,0.2035949,,6.8542426,,6.3483545,,5.5427509,,-0.6195109,,0.7325185,,0.0858059,,1.4937776999999999,,,,,,,,,,,
2015-03,0.79,1.15,,,,,,,,0.88,0.89,0.21,0.48,2.06,2.34,0.75,0.12,1.41,,0.48501789999999995,0.4400535,,,0.3814031,,0.41692300000000004,,0.1824595,,0.34299769999999996,,1.0873582,,0.1699303,,0.9285521999999999,,0.5085375,,0.6152297999999999,,0.35456730000000003,,,,,,,,,,,
2015-04,-0.07,-0.9,,,,,,,,-0.15,-0.25,0.17,-0.29,0.64,-0.21,0.17,-1.14,1.83,,1.495322,1.1756072,,,1.116748,,0.7945242,,0.1695729,,0.460453,,-0.021188199999999997,,1.3102762000000001,,0.0376268,,-0.3830289,,0.22018749999999998,,0.438411,,,,,,,,,,,
2015-05,0.6,0.7,,,,,,,,1.17,1.35,0.19,0.05,0.47,0.71,1.96,1.01,1.81,,0.23026560000000001,0.0561875,,,-0.359489,,-0.1653955,,0.1642583,,-2.4290091,,-2.9362421999999997,,2.285622,,0.45293479999999997,,-0.6322257,,-0.9162609,,-0.2062416,,,,,,,,,,,
2015-06,-0.63,-2.07,,,,,,,,-1.74,-2.25,0.17,-0.48,0.86,1.25,-2.18,-5.17,0.93,,-2.7520807,-2.0461101,,,-1.9784328,,-1.3639803000000001,,0.1837436,,-3.7483248,,-3.4525388999999995,,-2.7747654,,0.2495704,,-0.3041523,,-0.8323596000000001,,-0.6174618,,,,,,,,,,,
2015-07,1.21,3.25,,,,,,,,2.13,2.54,0.21,0.73,1.06,0.49,3.27,3.44,0.86,,2.5414116,2.0165367,,,1.6642126,,1.4904370999999998,,0.137206,,2.5234665,,3.3768515999999997,,4.4596045,,3.0365653999999997,,1.003968,,0.7561923,,0.9668329,,,,,,,,,,,
2015-08,-1.1,-3.84,,,,,,,,-2.64,-3.57,0.19,0.33,0.68,-0.04,-4.59,-5.93,3.24,,-3.6883678000000004,-2.7718703000000002,,,-3.0239597,,-1.5956826,,0.1522422,,-4.8818491999999996,,-4.7395571,,-4.3500139,,0.7308666,,0.48523530000000004,,0.20269659999999998,,-0.4850017,,,,,,,,,,,
2015-09,-0.07,-0.9,,,,,,,,-0.84,-1.22,0.17,0.25,1.45,2.3,-2.89,-1.58,1.06,,-1.7169525,-1.3260908999999999,,,-1.399586,,-0.7950906000000001,,0.151654,,-0.9445729999999999,,-1.5068036,,-3.7301931,,-0.18483449999999998,,0.0477116,,0.5517864,,-0.3829555,,,,,,,,,,,
2015-10,1.33,3.99,,,,,,,,2.65,3.26,0.18,0.44,0.09,0.1,5.38,3.96,0.96,,4.3587679,3.3392967000000002,,,3.2482636,,2.3556924,,0.158764,,3.6498279,,3.2384231,,7.9352432,,4.1462109,,0.6695084,,0.7597813999999999,,1.4024039,,,,,,,,,,,
2015-11,-0.04,1.04,,,,,,,,-0.23,-0.53,0.15,-0.01,0.58,0.19,-0.88,-0.22,0.66,,-0.23023729999999998,-0.1849121,,,-0.1748517,,-0.1623242,,0.1340027,,-1.0608321,,-0.0353543,,-0.8082973,,-1.1848322,,-0.7468362000000001,,-0.12471850000000001,,-0.14544600000000002,,,,,,,,,,,
2015-12,0.4,0.62,,,,,,,,0.17,0.19,0.14,0.03,2.23,1.25,-2.19,2.07,-0.78,,-0.41917730000000003,-0.3012935,,,-0.00231,,-0.0977404,,0.1741444,,1.1011183,,1.9117012,,-1.5761663,,0.7548489,,0.56052,,-0.19520010000000002,,0.046603,,,,,,,,,,,
2016-01,-0.61,-2.14,,,,,,,,-1.86,-2.86,0.2,0.96,-0.04,2.46,-4.96,-4.69,0.94,,-4.3737686,-3.2958081,,,-2.9449253,,-1.9178284,,0.1651531,,-5.0455754,,-5.238937,,-5.9736722,,-1.0550168,,0.4779131,,1.0339125,,-0.7997784000000001,,,,,,,,,,,
2016-02,-0.15,-0.77,,,,,,,,-0.78,-1.15,0.15,0.59,0.87,0.07,-2.13,-1.08,0.08,,-0.5029244,-0.26612250000000004,,,-0.1558303,,0.099544,,0.1492673,,-0.4703708,,-1.4389140999999999,,-0.25828589999999996,,0.4764078,,1.0154927,,1.2765271,,0.2920067,,,,,,,,,,,
2016-03,1.27,2.5,,,,,,,,2.03,2.36,0.15,0.39,0.78,1.98,3.0,4.22,0.51,,2.017513,1.6642367000000002,,,1.4889243,,1.1030016,,0.1779982,,2.9769858,,2.0863650000000002,,0.882814,,2.8371136000000003,,-0.4900229,,0.8512097999999999,,0.5925252,,,,,,,,,,,
2016-04,0.8,0.54,,,,,,,,1.27,1.7,0.17,0.25,0.6,0.42,1.56,2.56,-0.11,,2.3983601,1.9154996,,,1.4315591,,1.3548605999999999,,0.1664246,,3.0721152000000003,,2.421758,,2.8922784,,1.2729972,,0.21641109999999997,,0.1164357,,0.7754007,,,,,,,,,,,
2016-05,1.41,3.71,,,,,,,,2.36,2.99,0.19,0.84,0.63,1.72,3.42,3.22,1.51,,2.6835049,2.3095706000000003,,,2.5819985,,1.9110672,,0.2027881,,4.3105329,,2.6835049,,4.5121015,,1.9848256000000002,,1.5784236,,0.5957944,,1.2136725,,,,,,,,,,,
2016-06,-0.09,-1.3,,,,,,,,-1.1,-1.76,0.14,1.28,1.89,0.74,-2.37,-2.77,0.99,,-1.8373199999999998,-1.2923662,,,-1.7678774000000002,,-0.648854,,0.1826181,,-2.439094,,-3.1021275,,-4.2581774,,1.3957214,,0.9889544,,1.7710785999999998,,-0.0706655,,,,,,,,,,,
2016-07,1.3,3.09,,,,,,,,2.4,2.99,0.16,0.48,0.62,0.59,2.99,5.54,0.61,,3.7436982,3.2127269,,,3.1323841999999997,,2.3821838,,0.1474706,,4.9737455,,4.4849215,,2.7614118,,2.6265027,,0.29454759999999997,,0.5451736,,1.4758729,,,,,,,,,,,
2016-08,0.42,0.58,,,,,,,,0.52,0.59,0.19,0.36,0.75,0.28,1.33,-0.38,0.75,,0.22525610000000001,0.24776820000000002,,,-0.2910305,,0.3497786,,0.1882896,,-0.6422902,,-1.0721114999999999,,0.5216037,,-0.1263217,,0.7735748,,0.25730990000000004,,0.32679990000000003,,,,,,,,,,,
2016-09,0.41,-0.26,,,,,,,,0.36,0.19,0.15,0.04,1.66,1.58,-0.47,0.51,-0.21,,0.1238708,0.1103806,,,-0.9891751000000001,,0.051199999999999996,,0.1334053,,0.5296153,,-0.3724935,,-1.1915778,,-1.7755665,,-0.1892857,,0.046,,-0.0234,,,,,,,,,,,
2016-10,-0.35,-1.03,,,,,,,,-0.62,-0.81,0.16,-0.67,-0.1,0.1,0.01,-2.2,0.66,,-1.0331919,-0.8622601000000001,,,-0.1875289,,-0.5865484,,0.1818518,,-1.8219561,,-2.200207,,-1.2783243,,-1.6805108999999998,,-1.0895284,,-0.8657511,,0.0455,,,,,,,,,,,
2016-11,0.43,0.92,,,,,,,,1.19,1.78,0.15,-1.14,0.47,0.17,2.33,1.93,1.39,,2.0582792,1.4827175,,,1.39565,,0.8523856,,0.1576024,,2.6744797,,2.4659929000000003,,4.0941195,,0.2983616,,-1.2612598,,-1.6426166,,0.1598589,,,,,,,,,,,
2016-12,1.38,2.65,,,,,,,,2.47,2.98,0.16,0.14,1.64,2.05,3.65,3.64,0.98,,2.3498544,1.8848125,,,2.2596393999999997,,1.3519582,,0.1547783,,3.6978725,,3.4952405,,3.9478816,,2.7997175999999997,,-0.1603076,,0.3552882,,0.6408394000000001,,,,,,,,,,,
2017-01,-0.01,0.21,,,,,,,,-0.33,-0.56,0.15,0.36,0.14,0.41,-0.79,-0.89,-0.2,,0.0953,0.2286569,,,-0.0205,,0.2653647,,0.164793,,-0.681157,,-1.0322224,,-2.1616231999999997,,-1.1734953,,0.5078893999999999,,-0.1622517,,0.3276889,,,,,,,,,,,
2017-02,0.63,2.35,,,,,,,,0.95,1.08,0.14,0.51,0.85,0.27,2.24,1.46,-0.4,,1.4191877,1.2065200999999999,,,1.0739796,,0.9124064,,0.1457482,,2.0910118,,2.0596509,,1.256823,,1.5879929000000002,,0.1629604,,0.6748152000000001,,0.4791004,,,,,,,,,,,
2017-03,1.09,2.59,,,,,,,,1.89,2.2,0.16,0.35,1.16,2.48,2.06,2.82,3.13,,2.0760605,1.7858353,,,1.028357,,1.3268151000000001,,0.1588075,,3.0373406,,1.9677401,,1.6412943,,-0.612603,,0.3870924,,-0.0767,,0.6930024,,,,,,,,,,,
2017-04,0.61,2.01,,,,,,,,1.17,1.38,0.15,0.65,-0.82,0.63,2.81,0.73,0.82,,2.0065803,1.7489616,,,1.4388368,,1.3170841,,0.1572757,,0.8677749,,1.1936683,,3.2416726,,2.2881752,,0.6664207999999999,,0.6768269,,0.6421215,,,,,,,,,,,
2017-05,0.34,0.16,,,,,,,,0.34,0.39,0.16,0.76,0.13,0.35,1.97,-1.3,1.35,,0.7314399,0.7642143,,,0.992324,,0.8446784,,0.1615192,,-2.1648395000000002,,-1.8080062000000001,,2.4310389000000003,,1.5212525,,1.0135483,,0.6578790999999999,,0.705351,,,,,,,,,,,
2017-06,0.23,0.47,,,,,,,,0.16,-0.04,0.16,-0.32,0.96,1.21,-0.76,0.37,0.61,,0.0982,0.00227,,,-0.094,,0.0523,,0.1577411,,0.1704671,,0.5737540999999999,,-1.8676049,,-0.0978,,-0.7739747,,-0.1289049,,0.11042529999999999,,,,,,,,,,,
2017-07,0.25,-0.32,,,,,,,,0.1,0.05,0.15,0.31,1.52,-0.01,0.57,0.01,-0.26,,0.1869476,0.21899580000000002,,,0.21676629999999997,,0.2499911,,0.1551513,,0.019200000000000002,,-0.3923317,,-1.3711962,,0.36726570000000003,,0.22107899999999997,,0.2422035,,0.2898363,,,,,,,,,,,
2017-08,0.46,0.23,,,,,,,,0.72,0.88,0.15,0.45,0.29,0.14,1.3,0.76,1.6,,0.9691771,0.8637216,,,0.6184715000000001,,0.6971178,,0.16168359999999998,,0.9209423,,-0.13665549999999999,,0.7262348,,0.7153335000000001,,0.0012000000000000001,,0.8620829,,0.4790852,,,,,,,,,,,
2017-09,0.68,1.13,,,,,,,,1.02,1.24,0.15,-0.11,1.48,1.69,2.15,0.31,0.21,,1.18038,0.9138490000000001,,,0.7075713,,0.6282369999999999,,0.14944369999999998,,0.1885613,,0.3402658,,3.1472303999999998,,0.2886107,,-0.2477107,,-0.3895451,,0.2430861,,,,,,,,,,,
2017-10,1.18,2.15,,,,,,,,2.16,2.85,0.14,0.62,-0.07,0.81,3.59,3.5,0.52,,2.9241449999999998,2.4595623,,,2.0748450000000003,,1.9440381999999998,,0.1572747,,3.4217352,,3.0328133,,3.9072788,,2.1826564999999998,,0.9532952000000001,,0.34915189999999996,,1.0819078,,,,,,,,,,,
2017-11,0.71,1.3,,,,,,,,1.32,1.77,0.13,0.39,0.71,-0.04,2.13,1.93,3.56,,1.7035201999999998,1.4232320999999999,,,1.1068003,,1.202463,,0.1469675,,1.803449,,1.746381,,3.02341,,1.8892485,,0.7502417,,0.14216910000000002,,0.7386495,,,,,,,,,,,
2017-12,0.76,0.3,,,,,,,,0.87,0.97,0.14,-0.16,2.02,2.15,0.1,2.42,-0.42,,0.439402,0.3472163,,,0.1667941,,0.2299658,,0.15334630000000002,,1.6109825000000002,,0.8301558,,-1.6063404,,0.31294669999999997,,-0.45433219999999996,,0.17181,,0.18273989999999998,,,,,,,,,,,
2018-01,0.43,1.34,,,,,,,,0.8,1.03,0.15,-0.02,0.2,0.33,3.09,-0.15,0.34,,1.6115135999999999,1.2512778,,,0.7799944,,0.9805123000000001,,0.15846770000000002,,-0.36174419999999996,,-0.49168880000000004,,1.7088898000000001,,-0.3726539,,-0.2387345,,-0.6436810000000001,,0.5029704,,,,,,,,,,,
2018-02,0.16,-0.17,,,,,,,,0.09,0.07,0.13,-0.06,0.55,0.96,-1.47,0.22,1.35,,-0.2701752,-0.22026849999999998,,,-0.10442050000000001,,-0.0415,,0.14520539999999998,,0.5157306,,1.4841748,,-0.2689645,,-2.6178090000000003,,0.25734619999999997,,-0.2694602,,0.12271249999999999,,,,,,,,,,,
2018-03,0.33,-0.97,,,,,,,,-0.31,-0.8,0.13,0.6,1.51,3.62,-1.08,-2.84,0.43,,-1.1075945,-0.8278550000000001,,,-1.0306032,,-0.45612150000000007,,0.1489062,,-3.2138393,,-3.3173908,,-0.5264823,,2.0062704,,0.728222,,0.7141018,,-0.0371,,,,,,,,,,,
2018-04,0.58,1.0,,,,,,,,1.53,2.03,0.15,-0.3,-0.54,-0.08,1.77,3.83,0.56,,2.1443369,1.6794033,,,1.3374054,,1.2593789,,0.1686544,,3.2914744000000002,,2.5451422,,2.7258245,,2.5746379999999998,,-0.29315019999999997,,-0.3531493,,0.6597065,,,,,,,,,,,
2018-05,0.35,0.56,,,,,,,,0.29,0.31,0.16,0.48,0.59,0.22,-0.53,0.76,1.46,,0.8159203,0.7282884,,,0.3434077,,0.5729551,,0.16999789999999998,,1.2629543,,0.9460756000000001,,0.47498250000000003,,0.8542095,,0.5981411,,0.26595820000000003,,0.3568226,,,,,,,,,,,
2018-06,0.9,1.81,,,,,,,,1.53,1.66,0.15,0.3,1.87,1.44,0.69,2.47,0.81,,1.1439622999999999,0.9090727999999999,,,0.6196893,,0.7164121,,0.1586414,,2.8243535,,1.998493,,2.120219,,1.9010897,,0.3889549,,0.0863,,0.3539256,,,,,,,,,,,
2018-07,,,,,,,,,,,,,,,,,,,,1.5162629,1.2762831000000001,,,1.6642009999999998,,1.0035412000000001,,0.1823497,,1.1700448,,0.6376929,,2.3096459,,1.0175515,,0.1417042,,0.013999999999999999,,0.6998215,,,,,,,,,,,
2018-08,,,,,,,,,,,,,,,,,,,,1.8736354,1.5792594,,,1.6431337000000001,,1.2157630000000001,,0.17547369999999998,,1.5115131,,2.0238178,,3.9182036000000005,,1.8218767,,0.6920937,,0.2692673,,0.6849805,,,,,,,,,,,
2018-09,,,,,,,,,,,,,,,,,,,,-0.41528420000000005,-0.4075238,,,-0.3128718,,-0.2937428,,0.1544575,,-0.9918359,,-1.4827759,,0.5670931,,-1.1826227999999999,,-0.38540589999999997,,-0.3571103,,-0.0762,,,,,,,,,,,
2018-10,,,,,,,,,,,,,,,,,,,,-4.0151303,-3.0536695999999997,,,-3.1237621,,-2.067307,,0.1862937,,-5.5065474000000005,,-5.4568004000000006,,-5.0435871,,-0.6793729000000001,,0.42361430000000005,,-0.2600242,,-0.5662263,,,,,,,,,,,
2018-11,,,,,,,,,,,,,,,,,,,,-0.43816089999999996,-0.3295807,,,-0.0579,,-0.15066400000000002,,0.1692017,,-1.6309056,,-1.0979092,,-1.5826851,,1.477587,,0.23008260000000003,,0.3360148,,0.0519,,,,,,,,,,,
2018-12,,,,,,,,,,,,,,,,,,,,-1.8856016999999998,-1.3437283,,,-1.7898063,,-0.8159055000000001,,0.1730031,,0.1649778,,-1.1289788,,-3.8454509999999997,,-2.5948758,,1.2808441,,1.1902363,,-0.0451,,,,,,,,,,,
2019-01,,,,,,,,,,,,,,,,,,,,3.3073722,2.6810573,,,2.6964815,,2.0842335,,0.17752020000000002,,3.2871534000000002,,3.2752327999999995,,3.6309908,,6.2208888,,0.5519538,,0.8644649000000001,,1.0639948,,,,,,,,,,,
2019-02,,,,,,,,,,,,,,,,,,,,3.0443426,2.5222359,,,2.6988042,,1.9495086,,0.1632509,,5.480249000000001,,5.3893471,,5.116789499999999,,1.0756773000000002,,0.8117813999999999,,0.06530000000000001,,0.9286970999999999,,,,,,,,,,,
2019-03,,,,,,,,,,,,,,,,,,,,1.0073746,1.0237100000000001,,,0.9849616,,1.0003475,,0.1713507,,0.8374503999999999,,1.4929444,,1.6044424000000002,,2.108626,,1.5584057,,1.5392913,,0.7629875,,,,,,,,,,,
2019-04,,,,,,,,,,,,,,,,,,,,2.3273867999999998,1.8767576000000001,,,2.3307804,,1.4361544,,0.1903893,,2.1878153,,2.5282853000000003,,4.450464,,0.1774133,,0.2615708,,0.0386,,0.7466229,,,,,,,,,,,
2019-05,,,,,,,,,,,,,,,,,,,,-1.1301424,-0.6359807000000001,,,-0.6301557999999999,,-0.221564,,0.1709318,,1.7828397,,2.2396438,,-3.9085814000000005,,0.9152667,,1.4796561,,1.1887155,,0.3231163,,,,,,,,,,,
2019-06,,,,,,,,,,,,,,,,,,,,2.9219090999999997,2.3294486,,,2.7738776,,1.8186798,,0.1457088,,3.2359096,,3.2388755,,4.8746906999999995,,0.00408,,0.8902207000000001,,1.1778504,,0.8665871,,,,,,,,,,,
2019-07,,,,,,,,,,,,,,,,,,,,1.7803505000000002,1.6204745999999999,,,1.6510973000000002,,1.3268475,,0.1309637,,2.6681396,,3.3486025,,2.178284,,2.1524235,,0.8305440000000001,,0.6397334,,0.8706302000000001,,,,,,,,,,,
2019-08,,,,,,,,,,,,,,,,,,,,-0.8400843,-0.5612429999999999,,,-0.7825609000000001,,-0.2932292,,0.11743540000000001,,-1.7928541,,-1.8034694,,0.0071400000000000005,,2.7066012,,1.321956,,1.9961243,,0.07690000000000001,,,,,,,,,,,
2019-09,,,,,,,,,,,,,,,,,,,,1.1896848999999998,0.9560346000000001,,,0.9098116999999999,,0.6585871,,0.1180242,,1.8014862999999999,,1.225226,,1.9265398999999999,,1.0711917,,-0.42184199999999994,,-0.5329676,,0.2266909,,,,,,,,,,,
2019-10,,,,,,,,,,,,,,,,,,,,1.0638335,0.7755051,,,0.3391441,,0.4704601,,0.1184788,,-0.3213609,,-0.2449004,,0.3868919,,1.1345939,,-0.3864668,,-0.22943550000000001,,0.2072862,,,,,,,,,,,
2019-11,,,,,,,,,,,,,,,,,,,,2.9051793,2.4934419,,,1.9866014,,1.9649471000000003,,0.0862,,2.9579119,,2.4510551,,4.3085997,,0.6168637,,0.7029527,,-0.2150332,,1.0153953,,,,,,,,,,,
2019-12,,,,,,,,,,,,,,,,,,,,0.0672532,-0.0705648,,,-0.1514156,,-0.21894570000000002,,0.1086579,,-1.5877447,,-1.8667636,,-0.6523423,,-0.22599769999999997,,-1.4258399,,-0.29617570000000004,,-0.1427463,,,,,,,,,,,
2020-01,,,,,,,,,,,,,,,,,,,,2.1992869,1.9807029999999999,,,1.8482638999999998,,1.782087,,0.1073891,,4.3385967999999995,,4.4917792,,3.9965615000000003,,1.3677226,,2.0259237999999997,,1.7014141999999999,,1.1247585,,,,,,,,,,,
2020-02,,,,,,,,,,,,,,,,,,,,-3.9522213,-2.9689844,,,-3.1738932999999996,,-2.0706743,,0.09659999999999999,,-6.7608877,,-6.22947,,-4.4343496,,-4.771902900000001,,0.7410453,,1.0084315,,-0.7433281,,,,,,,,,,,
2020-03,,,,,,,,,,,,,,,,,,,,-9.6352647,-7.9097872,,,-7.1800161000000005,,-6.089441,,0.0958,,-18.2088404,,-17.9130923,,-7.6252675000000005,,-15.3409907,,-0.1268507,,-1.8133766,,-2.7949373,,,,,,,,,,,
2020-04,,,,,,,,,,,,,,,,,,,,3.6351820999999997,2.447104,,,2.7742554,,1.3223715,,0.0818,,7.745909500000001,,6.6961767000000005,,3.3560232,,3.8985126,,-0.1058766,,1.3517932,,0.1801654,,3.26,2.72,2.2,1.44,4.49,8.22,0.89,0.61,0.09,2.63
2020-05,,,,,,,,,,,,,,,,,,,,2.4522959,1.9609934999999998,,,1.8174216,,1.5142524,,0.0601,,3.9935407,,3.6228114,,3.1451946,,0.11170640000000001,,0.2606102,,0.372435,,0.7515372,,3.21,2.66,2.04,1.44,3.3,4.29,1.43,0.6,0.03,2.16
2020-06,,,,,,,,,,,,,,,,,,,,1.5564373,1.3708570999999998,,,0.9478451000000001,,1.1967834,,0.0765,,2.2720556999999997,,2.1891506,,-0.9382033,,1.833908,,0.3149397,,0.5946152,,0.7488661,,0.29,0.35,0.62,0.43,-0.01,1.39,0.18,0.54,0.02,1.51
2020-07,0.79,0.58,1.05,,0.03,-0.07,1.13,3.21,0.32,,,,,,,,,,1.06,1.1081901,0.9077313,,,0.9400798,,0.7274098,,0.0582,,0.5336685,,1.1562071,,0.6055759,,1.0710488,,0.3302018,,1.0829991,,0.4355045,,1.0,0.69,0.67,0.38,1.99,0.42,-0.29,0.83,0.03,0.53
2020-08,0.65,2.02,1.57,,0.03,0.09,-0.07,3.47,3.36,,,,,,,,,,2.33,2.5221899,1.9162834,,,1.5989497,,0.9788399999999999,,0.0498,,2.8851677,,2.6723727999999998,,3.1966349,,0.8274046,,-0.3735833,,-0.7055224,,0.2632634,,1.97,1.47,0.54,0.49,2.61,3.26,0.8,-0.18,0.03,0.77
2020-09,-0.17,-0.68,-0.78,,0.03,-0.15,0.9,-0.57,-3.02,,,,,,,,,,-1.13,-0.6783728,-0.31565529999999997,,,-0.8066738,,-0.20881390000000002,,0.0385,,-3.1253468,,-3.7485558,,-0.2799624,,-1.2231435000000002,,0.9506017,,0.3579293,,0.0995,,-0.31,-0.15,0.02,0.04,-0.35,-2.62,0.25,0.39,0.01,-0.23
2020-10,0.54,1.72,0.82,-0.52,0.03,1.47,0.26,-0.53,1.33,,,,,,,,,,0.96,0.6133314,0.5326021999999999,,,0.0431,,0.2463684,,0.043,,1.9246751,,1.6961191,,-0.9566108999999999,,-1.7463237,,0.2446878,,0.00877,,0.12074209999999999,,0.6,0.41,0.15,0.15,-1.07,1.55,0.09,0.19,0.01,0.33
2020-11,2.19,6.07,4.95,6.18,0.02,0.1,0.35,8.61,10.21,,,,,,,,,,6.77,5.6249288,4.3161927,,,3.7254191999999997,,2.7441259,,0.0377,,8.8813212,,7.746539299999999,,6.6573307999999995,,6.9200978,,-0.086,,0.5746842,,1.0207697,,6.11,5.03,3.12,2.45,8.31,9.93,1.2,0.27,0.03,3.31
2020-12,0.59,1.08,1.16,0.92,0.01,0.9,0.18,2.6,0.81,,,,,,,,,,1.19,1.8477271,1.5052802,,,0.910302,,1.0318262,,0.0359,,1.2808894,,0.9878686,,-0.5185803,,1.7237303,,-0.2184057,,0.1484658,,0.2613857,,1.68,1.39,1.08,0.97,1.64,1.47,3.24,0.23,0.18,1.26
2021-01,0.03,0.02,0.46,0.29,0.01,0.19,-0.28,1.3,0.2,,,,,,,,,,0.76,0.68203889977165,0.49860091063786,,,-0.17294246645371,,0.19804825337246001,,0.027111464332274515,,0.31172604624185,,-0.40601563965164,,-0.4698882193789,,0.3177070364865,,-0.37128174505879996,,-0.61991797883652,,-0.010278458839141358,,0.28,0.18,-0.05,0.06,-0.46,0.32,0.23,-0.22,0.06,0.12
2021-02,-0.42,0.64,0.48,0.64,0.01,0.43,-2.12,1.57,1.54,,,,,,,,,,1.15,0.76950191809781,0.30008360110409,,,0.31762740659153,,0.09498946308934551,,0.02449481482931226,,1.46548640073809,,0.38164660260893,,1.38946108023081,,2.16134795425588,,-3.08551655907447,,-1.5654230366364,,-0.50580536108081,,1.68,1.24,0.14,0.22,2.26,2.14,0.41,-1.52,0.04,0.39
2021-03,0.97,3.07,1.93,2.74,0.01,1.29,0.17,2.64,2.67,,,,,,,,,,2.33,2.33706022778532,1.9528564654498,,,2.44612062416818,,1.59635189550471,,0.035216939608817555,,2.23790552517479,,3.6190877666301304,,4.54019332171451,,2.2720947867763597,,0.70281314682436,,-0.37663116696659,,0.7236825269266,,2.58,2.3,1.79,1.18,3.7,2.47,0.65,0.1,0.01,1.52
2021-04,,,,,,,,,,,,,,,,,,,,,,,,,,,,,,,,,,,,,,,,,,,,,,,,,,,,,
2021-05,,,,,,,,,,,,,,,,,,,,,,,,,,,,,,,,,,,,,,,,,,,,,,,,,,,,,
2021-06,,,,,,,,,,,,,,,,,,,,,,,,,,,,,,,,,,,,,,,,,,,,,,,,,,,,,
