Offering,1993-01,1993-02,1993-03,1993-04,1993-05,1993-06,1993-07,1993-08,1993-09,1993-10,1993-11,1993-12,1994-01,1994-02,1994-03,1994-04,1994-05,1994-06,1994-07,1994-08,1994-09,1994-10,1994-11,1994-12,1995-01,1995-02,1995-03,1995-04,1995-05,1995-06,1995-07,1995-08,1995-09,1995-10,1995-11,1995-12,1996-01,1996-02,1996-03,1996-04,1996-05,1996-06,1996-07,1996-08,1996-09,1996-10,1996-11,1996-12,1997-01,1997-02,1997-03,1997-04,1997-05,1997-06,1997-07,1997-08,1997-09,1997-10,1997-11,1997-12,1998-01,1998-02,1998-03,1998-04,1998-05,1998-06,1998-07,1998-08,1998-09,1998-10,1998-11,1998-12,1999-01,1999-02,1999-03,1999-04,1999-05,1999-06,1999-07,1999-08,1999-09,1999-10,1999-11,1999-12,2000-01,2000-02,2000-03,2000-04,2000-05,2000-06,2000-07,2000-08,2000-09,2000-10,2000-11,2000-12,2001-01,2001-02,2001-03,2001-04,2001-05,2001-06,2001-07,2001-08,2001-09,2001-10,2001-11,2001-12,2002-01,2002-02,2002-03,2002-04,2002-05,2002-06,2002-07,2002-08,2002-09,2002-10,2002-11,2002-12,2003-01,2003-02,2003-03,2003-04,2003-05,2003-06,2003-07,2003-08,2003-09,2003-10,2003-11,2003-12,2004-01,2004-02,2004-03,2004-04,2004-05,2004-06,2004-07,2004-08,2004-09,2004-10,2004-11,2004-12,2005-01,2005-02,2005-03,2005-04,2005-05,2005-06,2005-07,2005-08,2005-09,2005-10,2005-11,2005-12,2006-01,2006-02,2006-03,2006-04,2006-05,2006-06,2006-07,2006-08,2006-09,2006-10,2006-11,2006-12,2007-01,2007-02,2007-03,2007-04,2007-05,2007-06,2007-07,2007-08,2007-09,2007-10,2007-11,2007-12,2008-01,2008-02,2008-03,2008-04,2008-05,2008-06,2008-07,2008-08,2008-09,2008-10,2008-11,2008-12,2009-01,2009-02,2009-03,2009-04,2009-05,2009-06,2009-07,2009-08,2009-09,2009-10,2009-11,2009-12,2010-01,2010-02,2010-03,2010-04,2010-05,2010-06,2010-07,2010-08,2010-09,2010-10,2010-11,2010-12,2011-01,2011-02,2011-03,2011-04,2011-05,2011-06,2011-07,2011-08,2011-09,2011-10,2011-11,2011-12,2012-01,2012-02,2012-03,2012-04,2012-05,2012-06,2012-07,2012-08,2012-09,2012-10,2012-11,2012-12,2013-01,2013-02,2013-04,2013-05,2013-06,2013-07,2013-08,2013-09,2013-10,2013-11,2013-12,2014-01,2014-02,2014-03,2014-04,2014-05,2014-06,2014-07,2014-08,2014-09,2014-10,2014-11,2014-12,2015-01,2015-02,2015-03,2015-04,2015-05,2015-06,2015-07,2015-08,2015-09,2015-10,2015-11,2015-12,2016-01,2016-02,2016-03,2016-04,2016-05,2016-06,2016-07,2016-08,2016-09,2016-10,2016-11,2016-12,2017-01,2017-02,2017-03,2017-04,2017-05,2017-06,2017-07,2017-08,2017-09,2017-10,2017-11,2017-12,2018-01,2018-02,2018-03,2018-04,2018-05,2018-06,2018-07,2018-08,2018-09,2018-10,2018-11,2018-12,2019-01,2019-02,2019-03,2019-04,2019-05,2019-06,2019-07,2019-08,2019-09,2019-10,2019-11,2019-12,2020-01,2020-02,2020-03,2020-04,2020-05,2020-06,2020-07,2020-08,2020-09,2020-10,2020-11,2020-12,2021-01,2021-02,2021-03,2021-04,2021-05,2021-06
hesta Conservative,,,,,,,,,,,,,,,,,,,,,,,,,,,,,,,,,,,,,,,,,,,,,,,,,,,,,,,,,,,,,,,,,,,,,,,,,,,,,,,,,,,,,,,,,,,,,,,,,,,,,,,,,,,,,,,,,,,,,,,,,,,,,,,,,,,,,,,,,,,,,,,,,,,,,,,,,,,,,,,,,,,,,,,,,,,,,,,,,,,,,,,,,,,,,,,,,,,,,,,,,,,,,,,,,,,,,,,,,,,,,,,,,,,,,,,,,,,,,,,,,,,,,,,,,,,,,,,,,,0.82,0.72,-0.14,0.72,0.47,0.65,1.13,1.69,0.79,-0.07,0.6,-0.63,1.21,-1.1,-0.07,1.33,-0.04,0.4,-0.61,-0.15,1.27,0.8,1.41,-0.09,1.3,0.42,0.41,-0.35,0.43,1.38,-0.01,0.63,1.09,0.61,0.34,0.23,0.25,0.46,0.68,1.18,0.71,0.76,0.43,0.16,0.33,0.58,0.35,0.9,,,,,,,,,,,,,,,,,,,,,,,,,0.79,0.65,-0.17,0.54,2.19,0.59,0.03,-0.42,0.97,,,
hesta Eco,,,,,,,,,,,,,,,,,,,,,,,,,,,,,,,,,,,,,,,,,,,,,,,,,,,,,,,,,,,,,,,,,,,,,,,,,,,,,,,,,,,,,,,,,,,,,,,,,,,,,,,,,,,,,,,,,,,,,,,,,,,,,,,,,,,,,,,,,,,,,,,,,,,,,,,,,,,,,,,,,,,,,,,,,,,,,,,,,,,,,,,,,,,,,,,,,,,,,,,,,,,,,,,,,,,,,,,,,,,,,,,,,,,,,,,,,,,,,,,,,,,,,,,,,,,,,,,,,,1.19,1.55,-0.49,2.46,1.56,2.63,2.55,3.07,1.15,-0.9,0.7,-2.07,3.25,-3.84,-0.9,3.99,1.04,0.62,-2.14,-0.77,2.5,0.54,3.71,-1.3,3.09,0.58,-0.26,-1.03,0.92,2.65,0.21,2.35,2.59,2.01,0.16,0.47,-0.32,0.23,1.13,2.15,1.3,0.3,1.34,-0.17,-0.97,1.0,0.56,1.81,,,,,,,,,,,,,,,,,,,,,,,,,0.58,2.02,-0.68,1.72,6.07,1.08,0.02,0.64,3.07,,,
hesta Balanced Growth,,,,,,,,,,,,,,,,,,,,,,,,,,,,,,,,,,,,,,,,,,,,,,,,,,,,,,,,,,,,,,,,,,,,,,,,,,,,,,,,,,,,,,,,,,,,,,,,,,,,,,,,,,,,,,,,,,,,,,,,,,,,,,,,,,,,,,,,,,,,,,,,,,,,,,,,,,,,,,,,,,,,,,,,,,,,,,,,,,,,,,,,,,,,,,,,,,,,,,,,,,,,,,,,,,,,,,,,,,,,,,,,,,,,,,,,,,,,,,,,,,,,,,,,,,,,,,,,,,,,,,,,,,,,,,,,,,,,,,,,,,,,,,,,,,,,,,,,,,,,,,,,,,,,,,,,,,,,,,,,,,,,,,,,,,1.05,1.57,-0.78,0.82,4.95,1.16,0.46,0.48,1.93,,,
hesta Indexed Balanced Growth,,,,,,,,,,,,,,,,,,,,,,,,,,,,,,,,,,,,,,,,,,,,,,,,,,,,,,,,,,,,,,,,,,,,,,,,,,,,,,,,,,,,,,,,,,,,,,,,,,,,,,,,,,,,,,,,,,,,,,,,,,,,,,,,,,,,,,,,,,,,,,,,,,,,,,,,,,,,,,,,,,,,,,,,,,,,,,,,,,,,,,,,,,,,,,,,,,,,,,,,,,,,,,,,,,,,,,,,,,,,,,,,,,,,,,,,,,,,,,,,,,,,,,,,,,,,,,,,,,,,,,,,,,,,,,,,,,,,,,,,,,,,,,,,,,,,,,,,,,,,,,,,,,,,,,,,,,,,,,,,,,,,,,,,,,,,,-0.52,6.18,0.92,0.29,0.64,2.74,,,
hesta Cash and Term Deposits,,,,,,,,,,,,,,,,,,,,,,,,,,,,,,,,,,,,,,,,,,,,,,,,,,,,,,,,,,,,,,,,,,,,,,,,,,,,,,,,,,,,,,,,,,,,,,,,,,,,,,,,,,,,,,,,,,,,,,,,,,,,,,,,,,,,,,,,,,,,,,,,,,,,,,,,,,,,,,,,,,,,,,,,,,,,,,,,,,,,,,,,,,,,,,,,,,,,,,,,,,,,,,,,,,,,,,,,,,,,,,,,,,,,,,,,,,,,,,,,,,,,,,,,,,,,,,,,,,,,,,,,,,,,,,,,,,,,,,,,,,,,,,,,,,,,,,,,,,,,,,,,,,,,,,,,,,,,,,,,,,,,,,,,,,0.03,0.03,0.03,0.03,0.02,0.01,0.01,0.01,0.01,,,
hesta Property and Infrastructure,,,,,,,,,,,,,,,,,,,,,,,,,,,,,,,,,,,,,,,,,,,,,,,,,,,,,,,,,,,,,,,,,,,,,,,,,,,,,,,,,,,,,,,,,,,,,,,,,,,,,,,,,,,,,,,,,,,,,,,,,,,,,,,,,,,,,,,,,,,,,,,,,,,,,,,,,,,,,,,,,,,,,,,,,,,,,,,,,,,,,,,,,,,,,,,,,,,,,,,,,,,,,,,,,,,,,,,,,,,,,,,,,,,,,,,,,,,,,,,,,,,,,,,,,,,,,,,,,,,,,,,,,,,,,,,,,,,,,,,,,,,,,,,,,,,,,,,,,,,,,,,,,,,,,,,,,,,,,,,,,,,,,,,,,,-0.07,0.09,-0.15,1.47,0.1,0.9,0.19,0.43,1.29,,,
hesta Diversified Bonds,,,,,,,,,,,,,,,,,,,,,,,,,,,,,,,,,,,,,,,,,,,,,,,,,,,,,,,,,,,,,,,,,,,,,,,,,,,,,,,,,,,,,,,,,,,,,,,,,,,,,,,,,,,,,,,,,,,,,,,,,,,,,,,,,,,,,,,,,,,,,,,,,,,,,,,,,,,,,,,,,,,,,,,,,,,,,,,,,,,,,,,,,,,,,,,,,,,,,,,,,,,,,,,,,,,,,,,,,,,,,,,,,,,,,,,,,,,,,,,,,,,,,,,,,,,,,,,,,,,,,,,,,,,,,,,,,,,,,,,,,,,,,,,,,,,,,,,,,,,,,,,,,,,,,,,,,,,,,,,,,,,,,,,,,,1.13,-0.07,0.9,0.26,0.35,0.18,-0.28,-2.12,0.17,,,
hesta International Shares,,,,,,,,,,,,,,,,,,,,,,,,,,,,,,,,,,,,,,,,,,,,,,,,,,,,,,,,,,,,,,,,,,,,,,,,,,,,,,,,,,,,,,,,,,,,,,,,,,,,,,,,,,,,,,,,,,,,,,,,,,,,,,,,,,,,,,,,,,,,,,,,,,,,,,,,,,,,,,,,,,,,,,,,,,,,,,,,,,,,,,,,,,,,,,,,,,,,,,,,,,,,,,,,,,,,,,,,,,,,,,,,,,,,,,,,,,,,,,,,,,,,,,,,,,,,,,,,,,,,,,,,,,,,,,,,,,,,,,,,,,,,,,,,,,,,,,,,,,,,,,,,,,,,,,,,,,,,,,,,,,,,,,,,,,3.21,3.47,-0.57,-0.53,8.61,2.6,1.3,1.57,2.64,,,
hesta Australian Shares,,,,,,,,,,,,,,,,,,,,,,,,,,,,,,,,,,,,,,,,,,,,,,,,,,,,,,,,,,,,,,,,,,,,,,,,,,,,,,,,,,,,,,,,,,,,,,,,,,,,,,,,,,,,,,,,,,,,,,,,,,,,,,,,,,,,,,,,,,,,,,,,,,,,,,,,,,,,,,,,,,,,,,,,,,,,,,,,,,,,,,,,,,,,,,,,,,,,,,,,,,,,,,,,,,,,,,,,,,,,,,,,,,,,,,,,,,,,,,,,,,,,,,,,,,,,,,,,,,,,,,,,,,,,,,,,,,,,,,,,,,,,,,,,,,,,,,,,,,,,,,,,,,,,,,,,,,,,,,,,,,,,,,,,,,0.32,3.36,-3.02,1.33,10.21,0.81,0.2,1.54,2.67,,,
hesta Core Pool ,,,,,,,,,,,,,,,,,,,,,,,,,,,,,,,,,,,,,,,,,,,,,,,,,,,,,,,,,,,,,,,,,,,,,,,,,,,,,,,,,,,,,,,,,,,,,,,,,,,,,,,,,,,,,,,,,,,,,,,,,,,,,,,,,,,,,,,,,,,,,,,,,,,,,,,,,,,,,,,,,,,,,,,,,,,,,,,,,,,,,,,,,,,,,,,,,,,,,,,,,,,,,,,,,,,,,,,,,,,,,,,,,,,,,,,,,,,,,,,,,,,,,,,,,,,,,,,,,,1.34,1.12,-0.58,1.19,0.6,0.77,1.63,3.46,0.88,-0.15,1.17,-1.74,2.13,-2.64,-0.84,2.65,-0.23,0.17,-1.86,-0.78,2.03,1.27,2.36,-1.1,2.4,0.52,0.36,-0.62,1.19,2.47,-0.33,0.95,1.89,1.17,0.34,0.16,0.1,0.72,1.02,2.16,1.32,0.87,0.8,0.09,-0.31,1.53,0.29,1.53,,,,,,,,,,,,,,,,,,,,,,,,,,,,,,,,,,,,
hesta Shares Plus ,,,,,,,,,,,,,,,,,,,,,,,,,,,,,,,,,,,,,,,,,,,,,,,,,,,,,,,,,,,,,,,,,,,,,,,,,,,,,,,,,,,,,,,,,,,,,,,,,,,,,,,,,,,,,,,,,,,,,,,,,,,,,,,,,,,,,,,,,,,,,,,,,,,,,,,,,,,,,,,,,,,,,,,,,,,,,,,,,,,,,,,,,,,,,,,,,,,,,,,,,,,,,,,,,,,,,,,,,,,,,,,,,,,,,,,,,,,,,,,,,,,,,,,,,,,,,,,,,,1.57,1.23,-0.77,1.34,0.55,0.9,2.04,4.24,0.89,-0.25,1.35,-2.25,2.54,-3.57,-1.22,3.26,-0.53,0.19,-2.86,-1.15,2.36,1.7,2.99,-1.76,2.99,0.59,0.19,-0.81,1.78,2.98,-0.56,1.08,2.2,1.38,0.39,-0.04,0.05,0.88,1.24,2.85,1.77,0.97,1.03,0.07,-0.8,2.03,0.31,1.66,,,,,,,,,,,,,,,,,,,,,,,,,,,,,,,,,,,,
hesta Cash ,,,,,,,,,,,,,,,,,,,,,,,,,,,,,,,,,,,,,,,,,,,,,,,,,,,,,,,,,,,,,,,,,,,,,,,,,,,,,,,,,,,,,,,,,,,,,,,,,,,,,,,,,,,,,,,,,,,,,,,,,,,,,,,,,,,,,,,,,,,,,,,,,,,,,,,,,,,,,,,,,,,,,,,,,,,,,,,,,,,,,,,,,,,,,,,,,,,,,,,,,,,,,,,,,,,,,,,,,,,,,,,,,,,,,,,,,,,,,,,,,,,,,,,,,,,,,,,,,,0.21,0.21,0.22,0.21,0.21,0.22,0.24,0.18,0.21,0.17,0.19,0.17,0.21,0.19,0.17,0.18,0.15,0.14,0.2,0.15,0.15,0.17,0.19,0.14,0.16,0.19,0.15,0.16,0.15,0.16,0.15,0.14,0.16,0.15,0.16,0.16,0.15,0.15,0.15,0.14,0.13,0.14,0.15,0.13,0.13,0.15,0.16,0.15,,,,,,,,,,,,,,,,,,,,,,,,,,,,,,,,,,,,
hesta Global Bonds ,,,,,,,,,,,,,,,,,,,,,,,,,,,,,,,,,,,,,,,,,,,,,,,,,,,,,,,,,,,,,,,,,,,,,,,,,,,,,,,,,,,,,,,,,,,,,,,,,,,,,,,,,,,,,,,,,,,,,,,,,,,,,,,,,,,,,,,,,,,,,,,,,,,,,,,,,,,,,,,,,,,,,,,,,,,,,,,,,,,,,,,,,,,,,,,,,,,,,,,,,,,,,,,,,,,,,,,,,,,,,,,,,,,,,,,,,,,,,,,,,,,,,,,,,,,,,,,,,,0.37,0.8,0.03,0.64,0.84,0.82,1.24,0.08,0.48,-0.29,0.05,-0.48,0.73,0.33,0.25,0.44,-0.01,0.03,0.96,0.59,0.39,0.25,0.84,1.28,0.48,0.36,0.04,-0.67,-1.14,0.14,0.36,0.51,0.35,0.65,0.76,-0.32,0.31,0.45,-0.11,0.62,0.39,-0.16,-0.02,-0.06,0.6,-0.3,0.48,0.3,,,,,,,,,,,,,,,,,,,,,,,,,,,,,,,,,,,,
hesta Property ,,,,,,,,,,,,,,,,,,,,,,,,,,,,,,,,,,,,,,,,,,,,,,,,,,,,,,,,,,,,,,,,,,,,,,,,,,,,,,,,,,,,,,,,,,,,,,,,,,,,,,,,,,,,,,,,,,,,,,,,,,,,,,,,,,,,,,,,,,,,,,,,,,,,,,,,,,,,,,,,,,,,,,,,,,,,,,,,,,,,,,,,,,,,,,,,,,,,,,,,,,,,,,,,,,,,,,,,,,,,,,,,,,,,,,,,,,,,,,,,,,,,,,,,,,,,,,,,,,1.11,1.18,1.19,0.5,0.56,1.06,0.63,0.55,2.06,0.64,0.47,0.86,1.06,0.68,1.45,0.09,0.58,2.23,-0.04,0.87,0.78,0.6,0.63,1.89,0.62,0.75,1.66,-0.1,0.47,1.64,0.14,0.85,1.16,-0.82,0.13,0.96,1.52,0.29,1.48,-0.07,0.71,2.02,0.2,0.55,1.51,-0.54,0.59,1.87,,,,,,,,,,,,,,,,,,,,,,,,,,,,,,,,,,,,
hesta Infrastructure ,,,,,,,,,,,,,,,,,,,,,,,,,,,,,,,,,,,,,,,,,,,,,,,,,,,,,,,,,,,,,,,,,,,,,,,,,,,,,,,,,,,,,,,,,,,,,,,,,,,,,,,,,,,,,,,,,,,,,,,,,,,,,,,,,,,,,,,,,,,,,,,,,,,,,,,,,,,,,,,,,,,,,,,,,,,,,,,,,,,,,,,,,,,,,,,,,,,,,,,,,,,,,,,,,,,,,,,,,,,,,,,,,,,,,,,,,,,,,,,,,,,,,,,,,,,,,,,,,,0.76,-0.06,0.34,-0.06,0.06,0.34,1.24,1.35,2.34,-0.21,0.71,1.25,0.49,-0.04,2.3,0.1,0.19,1.25,2.46,0.07,1.98,0.42,1.72,0.74,0.59,0.28,1.58,0.1,0.17,2.05,0.41,0.27,2.48,0.63,0.35,1.21,-0.01,0.14,1.69,0.81,-0.04,2.15,0.33,0.96,3.62,-0.08,0.22,1.44,,,,,,,,,,,,,,,,,,,,,,,,,,,,,,,,,,,,
hesta International Shares ,,,,,,,,,,,,,,,,,,,,,,,,,,,,,,,,,,,,,,,,,,,,,,,,,,,,,,,,,,,,,,,,,,,,,,,,,,,,,,,,,,,,,,,,,,,,,,,,,,,,,,,,,,,,,,,,,,,,,,,,,,,,,,,,,,,,,,,,,,,,,,,,,,,,,,,,,,,,,,,,,,,,,,,,,,,,,,,,,,,,,,,,,,,,,,,,,,,,,,,,,,,,,,,,,,,,,,,,,,,,,,,,,,,,,,,,,,,,,,,,,,,,,,,,,,,,,,,,,,-0.11,1.89,1.43,0.6,3.71,0.58,2.6,4.53,0.75,0.17,1.96,-2.18,3.27,-4.59,-2.89,5.38,-0.88,-2.19,-4.96,-2.13,3.0,1.56,3.42,-2.37,2.99,1.33,-0.47,0.01,2.33,3.65,-0.79,2.24,2.06,2.81,1.97,-0.76,0.57,1.3,2.15,3.59,2.13,0.1,3.09,-1.47,-1.08,1.77,-0.53,0.69,,,,,,,,,,,,,,,,,,,,,,,,,,,,,,,,,,,,
hesta Australian Shares ,,,,,,,,,,,,,,,,,,,,,,,,,,,,,,,,,,,,,,,,,,,,,,,,,,,,,,,,,,,,,,,,,,,,,,,,,,,,,,,,,,,,,,,,,,,,,,,,,,,,,,,,,,,,,,,,,,,,,,,,,,,,,,,,,,,,,,,,,,,,,,,,,,,,,,,,,,,,,,,,,,,,,,,,,,,,,,,,,,,,,,,,,,,,,,,,,,,,,,,,,,,,,,,,,,,,,,,,,,,,,,,,,,,,,,,,,,,,,,,,,,,,,,,,,,,,,,,,,,3.6,1.19,-4.02,2.86,-2.36,1.31,2.1,6.3,0.12,-1.14,1.01,-5.17,3.44,-5.93,-1.58,3.96,-0.22,2.07,-4.69,-1.08,4.22,2.56,3.22,-2.77,5.54,-0.38,0.51,-2.2,1.93,3.64,-0.89,1.46,2.82,0.73,-1.3,0.37,0.01,0.76,0.31,3.5,1.93,2.42,-0.15,0.22,-2.84,3.83,0.76,2.47,,,,,,,,,,,,,,,,,,,,,,,,,,,,,,,,,,,,
hesta Private Equity ,,,,,,,,,,,,,,,,,,,,,,,,,,,,,,,,,,,,,,,,,,,,,,,,,,,,,,,,,,,,,,,,,,,,,,,,,,,,,,,,,,,,,,,,,,,,,,,,,,,,,,,,,,,,,,,,,,,,,,,,,,,,,,,,,,,,,,,,,,,,,,,,,,,,,,,,,,,,,,,,,,,,,,,,,,,,,,,,,,,,,,,,,,,,,,,,,,,,,,,,,,,,,,,,,,,,,,,,,,,,,,,,,,,,,,,,,,,,,,,,,,,,,,,,,,,,,,,,,,2.12,1.44,1.58,1.71,0.93,1.32,1.2,0.6,1.41,1.83,1.81,0.93,0.86,3.24,1.06,0.96,0.66,-0.78,0.94,0.08,0.51,-0.11,1.51,0.99,0.61,0.75,-0.21,0.66,1.39,0.98,-0.2,-0.4,3.13,0.82,1.35,0.61,-0.26,1.6,0.21,0.52,3.56,-0.42,0.34,1.35,0.43,0.56,1.46,0.81,,,,,,,,,,,,,,,,,,,,,,,,,,,,,,,,,,,,
hesta High Growth,,,,,,,,,,,,,,,,,,,,,,,,,,,,,,,,,,,,,,,,,,,,,,,,,,,,,,,,,,,,,,,,,,,,,,,,,,,,,,,,,,,,,,,,,,,,,,,,,,,,,,,,,,,,,,,,,,,,,,,,,,,,,,,,,,,,,,,,,,,,,,,,,,,,,,,,,,,,,,,,,,,,,,,,,,,,,,,,,,,,,,,,,,,,,,,,,,,,,,,,,,,,,,,,,,,,,,,,,,,,,,,,,,,,,,,,,,,,,,,,,,,,,,,,,,,,,,,,,,,,,,,,,,,,,,,,,,,,,,,,,,,,,,,,,,,,,,,,,,,,,,,,,,,,,,,,,,,,,,,,,,,,,,,,,,1.06,2.33,-1.13,0.96,6.77,1.19,0.76,1.15,2.33,,,
aware Conservative,,,,,,,,,,,,,,,,,,,0.06999999999999999,2.0860398,-1.6289793000000001,0.6709728,-3.7656106,1.3103404,-2.0769045,2.0405693,1.2658202,4.1420622,2.4297881,1.4126465,1.4669162,0.9229733999999999,0.450262,-0.8896495000000001,2.8870848000000002,1.8918899999999998,2.2466111,0.5185687,-0.34232809999999997,2.1123426,-1.0505921999999999,0.38415,-2.0310128,3.9649256,0.8080646,1.6871163000000002,3.0781071,0.7501874000000001,0.9846021,2.7235053,-1.5482265,0.7743184999999999,5.2737879,4.4670275,2.4096443,-2.3084463,3.8981132,-5.297272,1.4510892,3.471987,1.3356082999999999,3.7432871,3.4095981999999996,0.8878202999999999,-0.3081374,-1.2029978000000001,1.7030496,-3.3943497000000002,-0.3900094,1.0204316,4.8738145,2.1133165999999997,0.5870150000000001,1.2071128,1.7433209,2.5206018,-3.0276791000000003,2.1299512,2.3502243999999997,0.9285933999999999,-3.2196191,-0.3615045,4.6935153,1.8403236,-1.967385,0.9254191,3.6975309999999997,-1.9703181,0.23249820000000002,3.0994198,2.3392071,2.4992454,-2.9121498999999997,0.8684502000000001,-0.1657182,-1.8203749000000002,2.9060149,-2.0261164000000003,-2.1399903,2.3058283,3.6969607,-0.8266127999999999,-1.8771924999999998,0.5237437,-10.2250673,7.8509417,2.3412821,0.06590059999999999,-0.41606259999999995,-0.7973325,1.6362063,-0.8649290000000001,-0.7112031000000001,-4.426305500000001,-5.5754842,5.188994999999999,-5.808940199999999,2.0421393,2.1586721,-0.8793501,-1.6850465,-3.0884992000000002,2.2268137,2.5479101,0.7258312,2.0831005,0.8456296999999999,1.3834149,0.5716846,0.8943095,-0.106567,2.5724442,2.1190148,0.3125339,1.3352985,2.2841031000000003,-0.7074592000000001,2.9739486,-2.1306719,1.3810071,2.3507505,-0.007050000000000001,4.2419785,3.7229344999999996,-0.1414612,1.2494868,0.7458418,-1.8302149,2.1874149999999997,2.570664,2.7750472000000004,1.1914176,3.5510514,-2.467129,4.863011200000001,2.176118,1.0113306,2.1206597,3.976119,0.9581596,-3.8307897,0.3535323,-0.7239485999999999,2.1419237,1.6846748000000002,2.9791478,0.1135289,3.4354702,1.4456251999999998,2.7953022,-1.8384654,3.2750012,1.5508861,-0.9550853,-2.3410436,1.3595685,2.9075578,1.7256045000000002,-2.9104937,0.5957089,-6.8862969,-0.059987599999999995,-3.4937996,3.6345975000000004,0.011919,-5.1964539,-3.6992707,3.903321,-2.3078216,-11.5127114,-2.2304378,0.2869624,-1.4918624999999999,-4.2633542,5.1574198,1.3493576,1.8492096999999998,0.7133502,3.336339,4.9242695,2.1137213,-1.3719759999999999,1.3623086,2.4165419,-2.4730253,0.3499598,4.0478443,-0.7680034,-3.9920838,-1.6842726,3.3228601,-2.1283844,3.7069642,0.6174657,0.1189645,1.9390553000000001,1.9876962000000002,0.0588532,0.1548789,0.9954795000000001,-1.6609467,-0.33300209999999997,-1.6780743,-4.1849501,-1.0428013,4.031988999999999,-3.1974843,0.5911128,2.8458821,1.6884039,2.6052492,-0.2069707,-2.506369,-1.0457313,1.4931383,2.8755354,1.2081296,0.8470602,-0.10354069999999999,3.1001775,3.6515975999999997,1.275545,2.6001244999999997,3.2095553999999997,-2.2166211000000002,5.1432595999999995,1.0163377,2.73094,1.7495565000000002,1.3355047,1.647562,-0.9901493000000001,2.5177156,-1.4789588,1.3023898,1.5727758,-0.2562674,1.3473418,1.3110016,-0.39778579999999997,-0.23096440000000001,2.9059888999999997,1.348077,0.8295145,4.7697283,0.48501789999999995,1.495322,0.23026560000000001,-2.7520807,2.5414116,-3.6883678000000004,-1.7169525,4.3587679,-0.23023729999999998,-0.41917730000000003,-4.3737686,-0.5029244,2.017513,2.3983601,2.6835049,-1.8373199999999998,3.7436982,0.22525610000000001,0.1238708,-1.0331919,2.0582792,2.3498544,0.0953,1.4191877,2.0760605,2.0065803,0.7314399,0.0982,0.1869476,0.9691771,1.18038,2.9241449999999998,1.7035201999999998,0.439402,1.6115135999999999,-0.2701752,-1.1075945,2.1443369,0.8159203,1.1439622999999999,1.5162629,1.8736354,-0.41528420000000005,-4.0151303,-0.43816089999999996,-1.8856016999999998,3.3073722,3.0443426,1.0073746,2.3273867999999998,-1.1301424,2.9219090999999997,1.7803505000000002,-0.8400843,1.1896848999999998,1.0638335,2.9051793,0.0672532,2.1992869,-3.9522213,-9.6352647,3.6351820999999997,2.4522959,1.5564373,1.1081901,2.5221899,-0.6783728,0.6133314,5.6249288,1.8477271,0.68203889977165,0.76950191809781,2.33706022778532,,,
aware Growth,0.01,0.4590252,0.5438147,1.0366079,2.2624891000000003,1.1068392999999999,4.8002721,5.4128635,0.4606038,2.8437601,-0.2370203,0.0,2.9917948,-1.6268115,-1.1743722,0.042830599999999996,-0.4636253,-2.6627684,0.4246387,1.8401352999999998,-1.8835714,0.6287292,-3.1661230999999996,1.387371,-1.7319122999999998,2.1438577,0.9698651,4.2599663,2.3966830000000003,1.2586749,1.3752322000000001,1.0071356,0.5959006,-0.8077848000000001,3.1280628999999998,1.6822605000000002,2.1723504,0.2443208,-0.33477450000000003,2.3137463,-1.2445226,0.5169988000000001,-1.7617422,4.3274954,0.6620212000000001,1.8425208,2.6522042999999997,0.553268,0.8596137,2.2107205000000003,-1.6146033,1.0323878,4.5047212000000005,3.9183852,2.0455931,-2.0686954,3.8518424,-4.6908087,1.5601086,3.0883821,0.9754738000000001,3.0262641,2.7164688,0.7569825,-0.2267724,-1.1641785,1.6249794000000002,-2.9710926,0.7072130999999999,1.1478843,3.799785,1.4704831,0.5611771,0.9651048000000001,1.4047495,2.1455137,-2.8950162,1.878223,2.0385082,0.1914331,-1.9258132000000001,-1.0913534,4.7677647,1.4348072,-1.9488094,1.0927934000000001,2.9702533,-0.6922996,-0.31780020000000003,2.8407351000000003,1.3443371000000002,2.455042,-2.2759771,0.6210285999999999,0.6340688,-0.036209700000000004,1.6261781,-1.3538236000000001,-1.4779634,1.9444624000000001,1.8765921,0.8761992999999999,-2.0008101,0.1288979,-6.0452107,4.9924235999999995,1.0710578,1.3434754,-1.1910033,0.3081788,0.5151658,-0.7246727,-0.0378007,-2.2377679,-3.1653995,1.6683699,-2.3720262,0.7356736,2.0171607000000003,-0.4836748,-1.5337313,-1.8397194,2.1757478,1.9860684,2.0161153,0.1769957,0.9590827,1.3270697999999999,-0.319506,1.7941919,-0.16286230000000002,2.3360091,0.64202,0.9545039,1.6675598,1.0177664,0.1397272,2.3347659,-0.9709841,1.3994639999999998,1.2706863000000002,1.1596670999999998,2.7524887000000002,2.794117,0.3294011,0.2613136,0.26369319999999996,-0.8201632000000001,2.2607146,2.3181325,1.9938464,0.5224796,3.2649437000000003,-2.5674283,4.3371932,2.0521099,1.6136793,0.7448181,3.0474323,0.7396275,-1.8307156000000002,0.41136569999999995,-1.057943,1.6386669999999999,1.1038401999999998,2.3707599,0.3580028,2.6440142,1.2686415,2.3697299000000003,-1.377378,2.6424525,1.1860985,-0.6553652,-1.5870729,1.1993854,2.3851062,1.5393066,-2.1980743,0.4698205,-4.9279801999999995,-0.0342837,-2.5390994,2.8132992,0.1170609,-3.8928847,-2.6953343000000003,3.2079290000000005,-1.6442779,-8.6546967,-1.5253411,0.5053969,-1.2154703,-3.1940446,4.0545676,1.0658707,1.4601812,0.6158458,2.6208844,3.9777395,1.797446,-1.0651081,1.1547345,1.8010526999999998,-1.7436871999999999,0.3698518,3.0952859999999998,-0.484799,-2.9383571,-1.0569819,2.5890845,-1.3992807,2.7966466999999997,0.5175005,0.0719928,1.5372474,1.6447342,0.1351543,0.2453397,0.888614,-1.0984251,-0.1340129,-1.1345429,-2.9231257999999998,-0.6806596,3.0260044,-2.2524582,0.5311102,2.2072163,1.3422832,2.0259221000000003,0.009890000000000001,-1.7031905,-0.6998069,1.2685497000000001,2.3062951000000003,1.0734701,0.7643834,-0.0482292,2.4522445999999998,2.9043846,1.1130676000000002,2.168889,2.4777344,-1.988537,4.3234234,0.8288123999999999,2.2183732000000003,1.4762498000000002,1.053879,1.3377503000000002,-0.6579486,2.0532613,-1.0728685,1.1464049,1.3485806,-0.0833592,1.1267437,1.0916591999999998,-0.3328036,-0.0132306,2.2582263,1.2047653,0.8078665,3.7789235999999997,0.4400535,1.1756072,0.0561875,-2.0461101,2.0165367,-2.7718703000000002,-1.3260908999999999,3.3392967000000002,-0.1849121,-0.3012935,-3.2958081,-0.26612250000000004,1.6642367000000002,1.9154996,2.3095706000000003,-1.2923662,3.2127269,0.24776820000000002,0.1103806,-0.8622601000000001,1.4827175,1.8848125,0.2286569,1.2065200999999999,1.7858353,1.7489616,0.7642143,0.00227,0.21899580000000002,0.8637216,0.9138490000000001,2.4595623,1.4232320999999999,0.3472163,1.2512778,-0.22026849999999998,-0.8278550000000001,1.6794033,0.7282884,0.9090727999999999,1.2762831000000001,1.5792594,-0.4075238,-3.0536695999999997,-0.3295807,-1.3437283,2.6810573,2.5222359,1.0237100000000001,1.8767576000000001,-0.6359807000000001,2.3294486,1.6204745999999999,-0.5612429999999999,0.9560346000000001,0.7755051,2.4934419,-0.0705648,1.9807029999999999,-2.9689844,-7.9097872,2.447104,1.9609934999999998,1.3708570999999998,0.9077313,1.9162834,-0.31565529999999997,0.5326021999999999,4.3161927,1.5052802,0.49860091063786,0.30008360110409,1.9528564654498,,,
aware Growth AVG,,,,,,,,,,,,,,,,,,,,,,,,,,,,,,,,,,,,,,,,,,,,,,,,,,,,,,,,,,,,,,,,,,,,,,,,,,,,,,,,,,,,,,,,,,,,,,,,,,,,,,,,,,,,,,,,,,,,,,,,,,,,,,,,,,,,,,,,,,,,,,,,,,,,,,,,,,,,,,,,,,,,,,,,,,,,,,,,,,,,,,,,,,,,,,,,,,,,,,,,,,,,,,,,,,,,,,,,,,,,,,,,,,,,,,,,,,,,,,,,,,,,,,,,,,,,,,,,,,,,,,,,,,,,,,,,,,,,,,,,,,,,,,,,,,,,,,,,,,,,,,,,,,,,,,,,,,,,,,,,,,,,,,,,,,,,,,,,,,,,,
aware High Growth AVG,,,,,,,,,,,,,,,,,,,,,,,,,,,,,,,,,,,,,,,,,,,,,,,,,,,,,,,,,,,,,,,,,,,,,,,,,,,,,,,,,,,,,,,,,,,,,,,,,,,,,,,,,,,,,,,,,,,,,,,,,,,,,,,,,,,,,,,,,,,,,,,,,,,,,,,,,,,,,,,,,,,,,,,,,,,,,,,,,,,,,,,,,,,,,,,,,,,,,,,,,,,,,,,,,,,,,,,,,,,,,,,,,,,,,,,,,,,,,,,,,,,,,,,,,,,,,,,,,,,,,,,,,,,,,,,,,,,,,,,,,,,,,,,,,,,,,,,,,,,,,,,,,,,,,,,,,,,,,,,,,,,,,,,,,,,,,,,,,,,,,
aware Diversified Socially Responsible Investment,,,,,,,,,,,,,,,,,,,,,,,,,,,,,,,,,,,,,,,,,,,,,,,,,,,,,,,,,,,,,,,,,,,,,,,,,,,,,,,,,,,,,,,,,,,,,,,,,,,,,,,,,,,,,,,,,,,,,,,,,,,,,,,,,,,,,,,,,,,,,,,,,,,,,,,,,,,,,,,,,,,,,,,,,,,,,,,,,,,,,,,,,,,,,,,,,,,,,,,,,,,,,,,,,,,,,,,,,,,,,,,,,,,,,,,,,,0.0,0.8099999999999999,2.1879405000000003,0.8184054,0.7626576,0.15365120000000002,2.3122998,2.9163442,0.9882716,2.0226082,2.3652398000000003,-2.0437478,4.177161900000001,0.43895239999999996,1.9681621,1.7413563,1.0437042,1.1767716,-0.6859015,1.9538252999999999,-0.7082334,1.2849981,1.6071538,0.0378858,1.1277452000000001,1.0181485000000001,-0.5157898999999999,0.199467,2.0415355,1.0583939,0.9520595999999999,3.3706465,0.3814031,1.116748,-0.359489,-1.9784328,1.6642126,-3.0239597,-1.399586,3.2482636,-0.1748517,-0.00231,-2.9449253,-0.1558303,1.4889243,1.4315591,2.5819985,-1.7678774000000002,3.1323841999999997,-0.2910305,-0.9891751000000001,-0.1875289,1.39565,2.2596393999999997,-0.0205,1.0739796,1.028357,1.4388368,0.992324,-0.094,0.21676629999999997,0.6184715000000001,0.7075713,2.0748450000000003,1.1068003,0.1667941,0.7799944,-0.10442050000000001,-1.0306032,1.3374054,0.3434077,0.6196893,1.6642009999999998,1.6431337000000001,-0.3128718,-3.1237621,-0.0579,-1.7898063,2.6964815,2.6988042,0.9849616,2.3307804,-0.6301557999999999,2.7738776,1.6510973000000002,-0.7825609000000001,0.9098116999999999,0.3391441,1.9866014,-0.1514156,1.8482638999999998,-3.1738932999999996,-7.1800161000000005,2.7742554,1.8174216,0.9478451000000001,0.9400798,1.5989497,-0.8066738,0.0431,3.7254191999999997,0.910302,-0.17294246645371,0.31762740659153,2.44612062416818,,,
aware Diversified Socially Responsible Investment AVG,,,,,,,,,,,,,,,,,,,,,,,,,,,,,,,,,,,,,,,,,,,,,,,,,,,,,,,,,,,,,,,,,,,,,,,,,,,,,,,,,,,,,,,,,,,,,,,,,,,,,,,,,,,,,,,,,,,,,,,,,,,,,,,,,,,,,,,,,,,,,,,,,,,,,,,,,,,,,,,,,,,,,,,,,,,,,,,,,,,,,,,,,,,,,,,,,,,,,,,,,,,,,,,,,,,,,,,,,,,,,,,,,,,,,,,,,,,,,,,,,,,,,,,,,,,,,,,,,,,,,,,,,,,,,,,,,,,,,,,,,,,,,,,,,,,,,,,,,,,,,,,,,,,,,,,,,,,,,,,,,,,,,,,,,,,,,,,,,,,,,
aware Balanced Growth,,,,,,,,,,,,,,,,,,,0.5700000000000001,1.7856147,-1.7339331999999998,0.4513656,-2.1823406,1.3430166000000001,-1.0736772,1.9475281,1.0836375,3.7606569,2.733018,1.2047561,0.8399287999999999,1.1682342000000001,0.8379338000000001,-0.5192684000000001,2.8902556,1.3956806,1.8188818,-0.127408,-0.2512043,2.0800269,-1.0082098,0.5259423,-0.8141735000000001,3.7734072,0.7563936,1.6919389,2.1719551,0.46422169999999996,0.7323277,1.6082777,-1.3207961000000001,0.9494755,3.607146,3.4279229,1.906882,-1.4967957,3.2882754,-3.1335717,1.2023249,2.5044645,0.6941873000000001,2.3273631,2.1255305,0.7919199,0.1836795,-0.7797116,1.3022018,-2.1226305,1.3252122,1.0403505,2.5177441,1.2628074,0.44905730000000005,0.5126315,1.0658447,1.6087122999999999,-2.3887243,1.2467096,1.7274724000000001,0.17864770000000002,-1.2542595,-1.1416552,3.6057339,0.8680030999999999,-1.407337,1.1451485000000001,2.0985093999999997,-0.2300887,0.024496,2.0838238,1.1284622,1.7358398000000002,-1.2505464000000002,0.5243248,0.7471236,0.4488906,1.3945845000000001,-0.8848136,-0.7670761,1.2171923,1.5339149,0.8295561,-1.1916298,0.5449011,-4.1718104,3.9470735,0.6569852,0.84583,-0.7521983,0.3479008,0.2188897,-0.2007039,0.0970511,-1.2515528999999999,-2.0436943,1.5562733,-1.3330518,0.5909150999999999,1.5990712,0.08478039999999999,-0.9266416,-1.0266342,1.5032201,1.6813044,1.9253798,0.1420116,0.3376909,0.8594316,0.1286936,1.2160706000000001,0.00652,1.9035656,0.6098952000000001,0.8597766,1.3887661,0.643914,0.1967499,1.7709975,-0.5849862,1.2905599,1.1198061000000001,0.9555138,2.1053432,2.1015047,0.3393726,0.2170489,0.23960399999999998,-0.2929629,1.7916026,1.8778468,1.4365666,0.5614703000000001,2.3644861,-1.8639080999999997,3.2791501,1.6178571,1.2031234,0.6743439999999999,2.2280669,0.4076301,-1.1844662000000001,0.39354710000000004,-0.6625886,1.3843613,0.9922161,1.7261826,0.47241799999999995,1.8903455999999998,1.0023125000000002,1.8556774000000003,-0.9062254000000001,1.9629667,0.8832041,-0.4423234,-0.9654513,1.0422206999999999,1.7097985999999998,1.2585122,-1.3640835,0.3813149,-3.1164537,-0.06177030000000001,-1.55693,2.0575406000000003,0.1576001,-2.6956041,-1.712512,2.6893392,-1.1568755,-5.7952265,-0.7279475,0.6571226,-0.7756449000000001,-2.2391068,2.8973388,0.8482389,0.9671641999999999,0.5476453,1.9911372999999999,3.037815,1.4468136,-0.7998732999999999,1.0178995,1.2335877,-1.0188493,0.3679502,2.2453099,-0.2280254,-1.8605063000000002,-0.515612,1.9018726,-0.7283183000000001,1.9335227,0.4635669,0.032758800000000005,1.1220048,1.3954423,0.17311710000000002,0.3412938,0.7324418,-0.555279,0.044958,-0.6320277,-1.8460964,-0.3025968,2.0971065,-1.3599926,0.44310900000000003,1.598898,1.0704834,1.5462270999999999,0.1704433,-0.9498924000000001,-0.3369024,1.0738801,1.6501944000000002,0.909127,0.657245,0.033890500000000004,1.7945695000000002,2.1246536,0.8995840999999999,1.7730741,1.7129309999999998,-1.5538847,3.299678,0.6024752999999999,1.6553617,1.2031242,0.6741556,1.0021071,-0.27286469999999996,1.5335301000000001,-0.6212493,0.9395678,1.1634289,0.1676977,0.8605385999999999,0.8968307,-0.2509579,0.2160079,1.6215826999999998,1.0621398,0.8194702,2.6098783,0.41692300000000004,0.7945242,-0.1653955,-1.3639803000000001,1.4904370999999998,-1.5956826,-0.7950906000000001,2.3556924,-0.1623242,-0.0977404,-1.9178284,0.099544,1.1030016,1.3548605999999999,1.9110672,-0.648854,2.3821838,0.3497786,0.051199999999999996,-0.5865484,0.8523856,1.3519582,0.2653647,0.9124064,1.3268151000000001,1.3170841,0.8446784,0.0523,0.2499911,0.6971178,0.6282369999999999,1.9440381999999998,1.202463,0.2299658,0.9805123000000001,-0.0415,-0.45612150000000007,1.2593789,0.5729551,0.7164121,1.0035412000000001,1.2157630000000001,-0.2937428,-2.067307,-0.15066400000000002,-0.8159055000000001,2.0842335,1.9495086,1.0003475,1.4361544,-0.221564,1.8186798,1.3268475,-0.2932292,0.6585871,0.4704601,1.9649471000000003,-0.21894570000000002,1.782087,-2.0706743,-6.089441,1.3223715,1.5142524,1.1967834,0.7274098,0.9788399999999999,-0.20881390000000002,0.2463684,2.7441259,1.0318262,0.19804825337246001,0.09498946308934551,1.59635189550471,,,
aware Balanced Growth AVG,,,,,,,,,,,,,,,,,,,,,,,,,,,,,,,,,,,,,,,,,,,,,,,,,,,,,,,,,,,,,,,,,,,,,,,,,,,,,,,,,,,,,,,,,,,,,,,,,,,,,,,,,,,,,,,,,,,,,,,,,,,,,,,,,,,,,,,,,,,,,,,,,,,,,,,,,,,,,,,,,,,,,,,,,,,,,,,,,,,,,,,,,,,,,,,,,,,,,,,,,,,,,,,,,,,,,,,,,,,,,,,,,,,,,,,,,,,,,,,,,,,,,,,,,,,,,,,,,,,,,,,,,,,,,,,,,,,,,,,,,,,,,,,,,,,,,,,,,,,,,,,,,,,,,,,,,,,,,,,,,,,,,,,,,,,,,,,,,,,,,
aware Cash,0.049,0.4590252,0.5438147,0.2744952,0.4173778,0.349384,0.40733840000000004,0.4475423,0.37745819999999997,0.3411057,0.3944339,0.0,0.3708574,0.30827150000000003,0.3887892,0.35054359999999996,0.4015943,0.33673800000000004,0.47741930000000005,0.4727271,0.4833997,0.39695549999999996,0.3983291,0.5444186999999999,0.6132661,0.5663332,0.571338,0.48509440000000004,0.6895575,0.5267895,0.4648743,0.5937157000000001,0.46391180000000004,0.5617359,0.5127307999999999,0.4571909,0.5933510000000001,0.46116860000000004,0.4884553,0.6411291,0.5611007,0.46658120000000003,0.5821718,0.5479711,0.7015707999999999,0.5585644,0.4718882,0.4936216,0.44961070000000003,0.3816767,0.39648449999999996,0.47707829999999996,0.46773689999999996,0.4639158,0.42991369999999995,0.34864829999999997,0.3096401,0.3456709,0.4703391,0.375962,0.30686149999999995,0.322851,0.3979331,0.36869609999999997,0.3364045,0.3899836,0.4191078,0.4405205,0.3079875,0.334526,0.3321622,0.3733695,0.2985471,0.3369197,0.40172869999999994,0.3607154,0.3372698,0.3809304,0.4241805,0.39167480000000005,0.3832772,0.3303832,0.409949,0.4084854,0.42202799999999996,0.43122789999999994,0.4853909,0.38738670000000003,0.5193669,0.46546519999999997,0.47213359999999993,0.44498350000000003,1.2016351,-0.2713849,0.4637362,0.5386167,0.5284068000000001,0.49215400000000004,0.4389927,0.4205561,0.3580511,0.3561284,0.3088267,0.5315234999999999,1.2934728,0.3688731,0.2834149,0.5596618999999999,0.3543643,0.2807923,0.22846670000000002,0.32462409999999997,0.40113299999999996,0.5218931,0.5282567,0.3153491,0.4511269,0.380272,0.3773942,0.3832538,0.4504344,0.3358228,0.2593975,0.3832373,0.3636698,0.467374,0.1405594,0.2087734,0.3435441,0.34958110000000003,0.1707314,0.47354759999999996,0.3932678,0.33675,0.5463393000000001,0.3103283,0.4157715,0.4790726,0.34178939999999997,0.4398354,0.4379646,0.39128749999999995,0.4476837,0.38081740000000003,0.32660649999999997,0.2178602,0.3659539,0.5459590999999999,0.39502210000000004,0.49584,0.3266972,0.4814056,0.3280794,0.3445022,0.5252154,0.4014242,0.41014290000000003,0.3766933,0.42726600000000003,0.2577495,0.38964329999999997,0.4092129,0.2986602,0.49840850000000003,0.4285674,0.449383,0.47280849999999996,0.42968049999999997,0.49199869999999996,0.41350040000000005,0.42301459999999996,0.4496206,0.4883483,0.4579482,0.3928954,0.4816748,0.4419816,0.5228314000000001,0.4758131,0.4715387,0.5455349,0.4767829,0.5035558,0.5741558,0.5474675,0.5794796,0.5032059999999999,0.5350332,0.4818366,0.6128492999999999,0.4507505,0.3832994,0.3172729,0.2587062,0.216191,0.2399849,0.1980141,0.2515792,0.2186206,0.2061231,0.2559264,0.2086603,0.2459366,0.28423699999999996,0.2882592,0.2833835,0.3005946,0.2957549,0.2910399,0.3735654,0.3217519,0.341502,0.3425067,0.3346097,0.3290649,0.38615659999999996,0.34028600000000003,0.32549300000000003,0.3788568,0.3296792,0.421548,0.3891801,0.31243719999999997,0.3735965,0.334586,0.32956959999999996,0.35490869999999997,0.3291042,0.3178588,0.3032617,0.3155413,0.3172032,0.3501316,0.2324644,0.22650919999999997,0.278492,0.25366120000000003,0.2752113,0.2131169,0.2460954,0.26123219999999997,0.21835549999999998,0.43792149999999996,0.2959369,0.19196459999999999,0.2358317,0.20850589999999997,0.1744348,0.2360966,0.1877318,0.1918433,0.2252942,0.1823414,0.1907717,0.22007680000000002,0.282445,0.22808059999999997,0.187046,0.20581979999999997,0.1955086,0.2237515,0.1879692,0.2280921,0.2068023,0.2035949,0.1824595,0.1695729,0.1642583,0.1837436,0.137206,0.1522422,0.151654,0.158764,0.1340027,0.1741444,0.1651531,0.1492673,0.1779982,0.1664246,0.2027881,0.1826181,0.1474706,0.1882896,0.1334053,0.1818518,0.1576024,0.1547783,0.164793,0.1457482,0.1588075,0.1572757,0.1615192,0.1577411,0.1551513,0.16168359999999998,0.14944369999999998,0.1572747,0.1469675,0.15334630000000002,0.15846770000000002,0.14520539999999998,0.1489062,0.1686544,0.16999789999999998,0.1586414,0.1823497,0.17547369999999998,0.1544575,0.1862937,0.1692017,0.1730031,0.17752020000000002,0.1632509,0.1713507,0.1903893,0.1709318,0.1457088,0.1309637,0.11743540000000001,0.1180242,0.1184788,0.0862,0.1086579,0.1073891,0.09659999999999999,0.0958,0.0818,0.0601,0.0765,0.0582,0.0498,0.0385,0.043,0.0377,0.0359,0.027111464332274515,0.02449481482931226,0.035216939608817555,,,
aware Cash AVG,,,,,,,,,,,,,,,,,,,,,,,,,,,,,,,,,,,,,,,,,,,,,,,,,,,,,,,,,,,,,,,,,,,,,,,,,,,,,,,,,,,,,,,,,,,,,,,,,,,,,,,,,,,,,,,,,,,,,,,,,,,,,,,,,,,,,,,,,,,,,,,,,,,,,,,,,,,,,,,,,,,,,,,,,,,,,,,,,,,,,,,,,,,,,,,,,,,,,,,,,,,,,,,,,,,,,,,,,,,,,,,,,,,,,,,,,,,,,,,,,,,,,,,,,,,,,,,,,,,,,,,,,,,,,,,,,,,,,,,,,,,,,,,,,,,,,,,,,,,,,,,,,,,,,,,,,,,,,,,,,,,,,,,,,,,,,,,,,,,,,
aware Australian Equities,,,,,,,,,,,,,,,,,,,,,,,,,,,,,,,,,,,,,,,,,,,,,,,,,,,,,,,,,,,,,,,,,,,,,,,,,,,,,,,,,,,,,,,,,,,,,,,,,,,,,,,,,,,,,,,,,,,,,,,,,,,,,,,,,,,,,,,,,,,,,,,,,,,,,,,,,,,,,,,,,,,,,-2.5,0.97,0.7853733999999999,4.4163125,1.8466869000000001,5.191628000000001,-0.9414229,4.7166408,1.7126066,-0.1447339,-2.6394066,1.0903155,6.1482887999999996,4.5861974,-5.1070162,0.1153958,-8.750335,0.8663499,-5.6409252,4.1433817,1.4819448000000002,-6.2983609,-6.421524400000001,3.6853895999999997,-0.8958761000000001,-16.3624047,-5.8470489,2.4556692,-2.9361821,-2.9822938,9.9848484,1.1731785,2.3977093000000003,3.6365129000000005,3.9714573000000004,7.5404834,5.1099475,-0.0431313,0.6242353,2.9134896,-3.6277396000000004,0.7815040000000001,5.683013600000001,-1.6839940000000002,-7.891339,-1.5289831999999999,4.610183,-2.6456576,6.7671603,-0.3044044,-0.1831128,3.6689753,0.5853169,0.7152217,-0.1634939,2.7529339999999998,-2.9391881,-0.9566198,-1.5433607999999999,-4.3111384,-3.5876071,6.480606699999999,-4.8545456,0.35111729999999997,3.9450918,1.123118,2.1742087,0.1453158,-4.8266366,-1.8370866,2.7096143,4.263720800000001,0.4868024,2.4613763,-0.1469042,4.1466233,4.6564198,3.1894535,1.79541,-0.9184460999999999,-4.3029071000000005,6.0405280999999995,1.8907516,5.0409835,1.7277489,-0.8930554,-0.1168393,-1.61129,4.5839099,-0.6399076,2.7180209,0.2929585,-1.8631694,2.7222432000000003,1.7307655000000002,-4.3088683,2.0216472999999997,-0.0673044,1.3603003,1.1873374,6.8542426,0.34299769999999996,0.460453,-2.4290091,-3.7483248,2.5234665,-4.8818491999999996,-0.9445729999999999,3.6498279,-1.0608321,1.1011183,-5.0455754,-0.4703708,2.9769858,3.0721152000000003,4.3105329,-2.439094,4.9737455,-0.6422902,0.5296153,-1.8219561,2.6744797,3.6978725,-0.681157,2.0910118,3.0373406,0.8677749,-2.1648395000000002,0.1704671,0.019200000000000002,0.9209423,0.1885613,3.4217352,1.803449,1.6109825000000002,-0.36174419999999996,0.5157306,-3.2138393,3.2914744000000002,1.2629543,2.8243535,1.1700448,1.5115131,-0.9918359,-5.5065474000000005,-1.6309056,0.1649778,3.2871534000000002,5.480249000000001,0.8374503999999999,2.1878153,1.7828397,3.2359096,2.6681396,-1.7928541,1.8014862999999999,-0.3213609,2.9579119,-1.5877447,4.3385967999999995,-6.7608877,-18.2088404,7.745909500000001,3.9935407,2.2720556999999997,0.5336685,2.8851677,-3.1253468,1.9246751,8.8813212,1.2808894,0.31172604624185,1.46548640073809,2.23790552517479,,,
aware Australian Equities AVG,,,,,,,,,,,,,,,,,,,,,,,,,,,,,,,,,,,,,,,,,,,,,,,,,,,,,,,,,,,,,,,,,,,,,,,,,,,,,,,,,,,,,,,,,,,,,,,,,,,,,,,,,,,,,,,,,,,,,,,,,,,,,,,,,,,,,,,,,,,,,,,,,,,,,,,,,,,,,,,,,,,,,,,,,,,,,,,,,,,,,,,,,,,,,,,,,,,,,,,,,,,,,,,,,,,,,,,,,,,,,,,,,,,,,,,,,,,,,,,,,,,,,,,,,,,,,,,,,,,,,,,,,,,,,,,,,,,,,,,,,,,,,,,,,,,,,,,,,,,,,,,,,,,,,,,,,,,,,,,,,,,,,,,,,,,,,,,,,,,,,
aware Australian Equities Socially Responsible Investment,,,,,,,,,,,,,,,,,,,,,,,,,,,,,,,,,,,,,,,,,,,,,,,,,,,,,,,,,,,,,,,,,,,,,,,,,,,,,,,,,,,,,,,,,,,,,,,,,,,,,,,,,,,,,,,,,,,,,,,,,,,,,,,,,,,,,,,,,,,,,,,,,,,,,,,,,,,,,,,,,,,,,,,,,,,,,,,,,,,,,,,,,,,,,,,,,,,,,-2.1399999999999997,1.9944222,4.3741515,8.105396800000001,4.9295156,1.5051013,0.4065254,2.5477681,-3.5069863,1.0680711,5.5222105,-1.9859645,-7.6353539,-3.5446871,5.9036767,-3.6892677,7.253116499999999,-0.6896796000000001,-0.4562612,3.6588211000000004,0.3916147,-0.3999353,0.5127187,2.0919993000000003,-2.8029161,-0.9051247,-2.3461081000000004,-4.4421383,-3.7005885000000003,6.858958800000001,-5.628614600000001,0.1804923,4.8494606000000005,0.1270598,1.8692578000000002,0.9300447999999999,-5.8210935,-1.0626830999999999,3.5008377999999998,4.5382721,0.3642204,2.3037177,0.053882599999999996,4.3634985,5.0967612,1.9265672,1.9823372,-0.9177787999999999,-3.7715209,6.0641246,0.8310916999999999,4.6315247,1.8775838,-0.22827889999999998,-0.2579037,-1.6358373,3.3092374,-0.2374401,2.6920932,0.6331895,-1.4395928,2.6467872999999997,1.6344786,-3.9020353,2.0394033,0.3411867,1.2921745,1.5076341,6.3483545,1.0873582,-0.021188199999999997,-2.9362421999999997,-3.4525388999999995,3.3768515999999997,-4.7395571,-1.5068036,3.2384231,-0.0353543,1.9117012,-5.238937,-1.4389140999999999,2.0863650000000002,2.421758,2.6835049,-3.1021275,4.4849215,-1.0721114999999999,-0.3724935,-2.200207,2.4659929000000003,3.4952405,-1.0322224,2.0596509,1.9677401,1.1936683,-1.8080062000000001,0.5737540999999999,-0.3923317,-0.13665549999999999,0.3402658,3.0328133,1.746381,0.8301558,-0.49168880000000004,1.4841748,-3.3173908,2.5451422,0.9460756000000001,1.998493,0.6376929,2.0238178,-1.4827759,-5.4568004000000006,-1.0979092,-1.1289788,3.2752327999999995,5.3893471,1.4929444,2.5282853000000003,2.2396438,3.2388755,3.3486025,-1.8034694,1.225226,-0.2449004,2.4510551,-1.8667636,4.4917792,-6.22947,-17.9130923,6.6961767000000005,3.6228114,2.1891506,1.1562071,2.6723727999999998,-3.7485558,1.6961191,7.746539299999999,0.9878686,-0.40601563965164,0.38164660260893,3.6190877666301304,,,
aware Australian Equities Socially Responsible Investment AVG,,,,,,,,,,,,,,,,,,,,,,,,,,,,,,,,,,,,,,,,,,,,,,,,,,,,,,,,,,,,,,,,,,,,,,,,,,,,,,,,,,,,,,,,,,,,,,,,,,,,,,,,,,,,,,,,,,,,,,,,,,,,,,,,,,,,,,,,,,,,,,,,,,,,,,,,,,,,,,,,,,,,,,,,,,,,,,,,,,,,,,,,,,,,,,,,,,,,,,,,,,,,,,,,,,,,,,,,,,,,,,,,,,,,,,,,,,,,,,,,,,,,,,,,,,,,,,,,,,,,,,,,,,,,,,,,,,,,,,,,,,,,,,,,,,,,,,,,,,,,,,,,,,,,,,,,,,,,,,,,,,,,,,,,,,,,,,,,,,,,,
aware International Equities,,,,,,,,,,,,,,,,,,,,,,,,,,,,,,,,,,,,,,,,,,,,,,,,,,,,,,,,,,,,,,,,,,,,,,,,,,,,,,,,,,,,,,,,,,,,,,,,,,,,,,,,,,,,,,,,,,,,,,,,,,,,,,,,,,,,,,,,,,,,,,,,,,,,,,,,,,,,,,,,,,,,,-1.4597,-0.0110389,-0.9610788,3.6782833,1.0157513,1.1695634,-3.0768002,2.845153,2.0350892,-2.4366029,-3.4944314999999997,1.9762036,-0.1327399,-0.5453423,-1.5695560000000002,0.9446289,-8.3110863,-1.2134465,-2.4388407,4.1508664,-1.2566414,-6.0380932,-2.4728969,5.5110231,-4.888849,-11.8730371,-1.748844,-2.2747018,0.9311698,-7.644050600000001,2.0895496,3.0152799,1.1361384,-0.5571697,3.9785166,3.9619415,-0.2367863,-3.1674531,2.5989117,3.0479411,-2.6498552,-0.2403587,4.3503089,-0.44829270000000004,-1.4350224,-3.3838502,3.1129205,-2.6680965,1.6331853,2.1930216,0.2435114,0.5702185000000001,4.7755448,-1.1578135999999999,-0.4676785,-0.7309723,-1.0639641,-0.2736519,-2.5923547,-5.7320519,0.5836007,2.7005399,-2.7693928,0.49228900000000003,2.6756288,3.0621302999999997,4.0751033,-1.0574419,-1.7539737999999998,-1.7184329000000003,0.3601159,3.0623772000000002,2.2738272999999998,-0.38304900000000003,-0.3798076,3.2132495,3.8512814,-0.0726771,3.5230997,8.5438425,-1.2368295,6.3991964,0.9737976,1.5789659,1.8555224,4.5333157,3.6540219,-1.4990596,1.7670149,-3.32724,0.5709438,2.8973005,0.4926412,0.13969220000000002,1.1114433,2.7674183,-2.0732977,6.6840321,2.6443074,-0.6533169,5.5427509,0.1699303,1.3102762000000001,2.285622,-2.7747654,4.4596045,-4.3500139,-3.7301931,7.9352432,-0.8082973,-1.5761663,-5.9736722,-0.25828589999999996,0.882814,2.8922784,4.5121015,-4.2581774,2.7614118,0.5216037,-1.1915778,-1.2783243,4.0941195,3.9478816,-2.1616231999999997,1.256823,1.6412943,3.2416726,2.4310389000000003,-1.8676049,-1.3711962,0.7262348,3.1472303999999998,3.9072788,3.02341,-1.6063404,1.7088898000000001,-0.2689645,-0.5264823,2.7258245,0.47498250000000003,2.120219,2.3096459,3.9182036000000005,0.5670931,-5.0435871,-1.5826851,-3.8454509999999997,3.6309908,5.116789499999999,1.6044424000000002,4.450464,-3.9085814000000005,4.8746906999999995,2.178284,0.0071400000000000005,1.9265398999999999,0.3868919,4.3085997,-0.6523423,3.9965615000000003,-4.4343496,-7.6252675000000005,3.3560232,3.1451946,-0.9382033,0.6055759,3.1966349,-0.2799624,-0.9566108999999999,6.6573307999999995,-0.5185803,-0.4698882193789,1.38946108023081,4.54019332171451,,,
aware International Equities AVG,,,,,,,,,,,,,,,,,,,,,,,,,,,,,,,,,,,,,,,,,,,,,,,,,,,,,,,,,,,,,,,,,,,,,,,,,,,,,,,,,,,,,,,,,,,,,,,,,,,,,,,,,,,,,,,,,,,,,,,,,,,,,,,,,,,,,,,,,,,,,,,,,,,,,,,,,,,,,,,,,,,,,,,,,,,,,,,,,,,,,,,,,,,,,,,,,,,,,,,,,,,,,,,,,,,,,,,,,,,,,,,,,,,,,,,,,,,,,,,,,,,,,,,,,,,,,,,,,,,,,,,,,,,,,,,,,,,,,,,,,,,,,,,,,,,,,,,,,,,,,,,,,,,,,,,,,,,,,,,,,,,,,,,,,,,,,,,,,,,,,
aware Property,,,,,,,,,,,,,,,,,,,,,,,,,,,,,,,,,,,,,,,,,,,,,,,,,,,,,,,,,,,,,,,,,,,,,,,,,,,,,,,,,,,,,,,,,,,,,,,,,,,,,,,,,,,,,,,,,,,,,,,,,,,,,,,,,,,,,,,,,,,,,,,,,,,,,,,,,,,,,,,,,,,,,-1.9286,-0.5612752000000001,4.3564054,2.1950043,4.2073682,1.7393219000000002,-4.6438594,3.7724573999999995,-0.44373349999999995,0.014792099999999999,-0.8269059000000001,2.7170632,2.2123248,0.6061147,-3.8993550000000003,-1.8235419,-4.6854684,-0.9502921,-2.0721076000000003,1.7154615000000002,-1.6632791,-3.5145128999999997,-2.1784477,1.6963751999999999,1.0412492,-11.871150199999999,1.555028,-1.8423503,-5.1379861,-3.7737433,2.0870841,-1.2439068,4.9975159,-2.0773305,-0.9088276,3.3624861999999998,1.4412458,-1.260772,-0.146457,0.6136747,-1.7460608,0.7573878,0.21239700000000003,1.3880579,-1.6066217,1.241993,1.1016369,0.0226791,0.38430640000000005,0.6221214,-0.1810614,0.5701964,1.4578739,0.47658839999999997,-0.024495799999999998,1.1385543999999999,0.150091,0.5623,-1.0587223,-0.41805260000000005,-0.043168200000000004,1.3564433,-0.2440424,0.7210715000000001,2.4725961,0.20532440000000002,1.0404435,1.7622038999999998,-0.0710394,1.2786878,1.8938667,0.880621,0.3935398,1.2320475,0.1467847,1.4422908,2.2341917,0.48642060000000004,2.76946,0.66706,-1.3212094,2.5084993,-0.47007259999999995,0.2847052,1.7980739,-0.1703744,0.1747202,1.2647323,0.9224507,-0.7018532,1.733086,1.131446,0.1083894,1.6063999999999998,0.6166574,0.1036836,2.0349148,1.8670204,1.4160759,3.1889189,-0.6195109,0.9285521999999999,0.0376268,0.45293479999999997,0.2495704,3.0365653999999997,0.7308666,-0.18483449999999998,4.1462109,-1.1848322,0.7548489,-1.0550168,0.4764078,2.8371136000000003,1.2729972,1.9848256000000002,1.3957214,2.6265027,-0.1263217,-1.7755665,-1.6805108999999998,0.2983616,2.7997175999999997,-1.1734953,1.5879929000000002,-0.612603,2.2881752,1.5212525,-0.0978,0.36726570000000003,0.7153335000000001,0.2886107,2.1826564999999998,1.8892485,0.31294669999999997,-0.3726539,-2.6178090000000003,2.0062704,2.5746379999999998,0.8542095,1.9010897,1.0175515,1.8218767,-1.1826227999999999,-0.6793729000000001,1.477587,-2.5948758,6.2208888,1.0756773000000002,2.108626,0.1774133,0.9152667,0.00408,2.1524235,2.7066012,1.0711917,1.1345939,0.6168637,-0.22599769999999997,1.3677226,-4.771902900000001,-15.3409907,3.8985126,0.11170640000000001,1.833908,1.0710488,0.8274046,-1.2231435000000002,-1.7463237,6.9200978,1.7237303,0.3177070364865,2.16134795425588,2.2720947867763597,,,
aware Property AVG,,,,,,,,,,,,,,,,,,,,,,,,,,,,,,,,,,,,,,,,,,,,,,,,,,,,,,,,,,,,,,,,,,,,,,,,,,,,,,,,,,,,,,,,,,,,,,,,,,,,,,,,,,,,,,,,,,,,,,,,,,,,,,,,,,,,,,,,,,,,,,,,,,,,,,,,,,,,,,,,,,,,,,,,,,,,,,,,,,,,,,,,,,,,,,,,,,,,,,,,,,,,,,,,,,,,,,,,,,,,,,,,,,,,,,,,,,,,,,,,,,,,,,,,,,,,,,,,,,,,,,,,,,,,,,,,,,,,,,,,,,,,,,,,,,,,,,,,,,,,,,,,,,,,,,,,,,,,,,,,,,,,,,,,,,,,,,,,,,,,,
aware Australian Fixed Interest,,,,,,,,,,,,,,,,,,,,,,,,,,,,,,,,,,,,,,,,,,,,,,,,,,,,,,,,,,,,,,,,,,,,,,,,,,,,,,,,,,,,,,,,,,,,,,,,,,,,,,,,,,,,,,,,,,,,,,,,,,,,,,,,,,,,,,,,,,,,,,,,,,,,,,,,,,,,,,,,,,,,,0.3828,0.10168930000000001,0.9399459000000001,-0.439617,0.4806747,0.6361786,0.139339,0.4414802,0.0101055,-0.2601655,0.5624083,0.8280378999999999,-0.22970600000000002,0.141855,0.18262599999999998,-0.4186635,1.4000496,-1.2563332999999999,1.7590839,-0.0242614,0.1418779,0.36931379999999997,1.1376091,2.3900398,0.41388650000000005,2.2993991,2.2780075,1.0263982,1.0905163,-0.5304792,-0.5191177,0.5417970999999999,-1.2027794,-0.1557026,0.2890526,1.0211975,0.8421516,-1.0676174999999999,1.3927985,-0.4049551,1.2572965999999999,0.3863713,-0.29893430000000004,0.6172735,1.3124846000000001,1.2879588000000002,0.05043890000000001,1.5841072,-0.8115424,0.2514619,-0.44311359999999994,-0.1109673,1.1029471000000002,0.2399981,0.8675495,0.297023,1.1143197,0.6581375,0.9391962,2.0837187999999998,0.8314881,-0.3810831,1.2017557,0.22035039999999997,-0.015789400000000002,0.5729576000000001,0.6953828,1.3390661,2.0325911,0.7852,0.6205263,0.0982335,1.1768078,0.3687488,-0.0579698,0.3229362,-0.052610500000000004,0.7189087000000001,0.8984652,-0.018749500000000002,-1.1340831,1.0446781,-0.0513866,0.2765225,0.43806280000000003,-0.0666101,0.3417304,0.8334549,0.3490298,0.4192831,0.8781216,1.0720099,0.8655714,0.3408248,0.6420755,-0.2607955,0.8190715,0.8022675,1.4080226,1.0798066,0.7325185,0.5085375,-0.3830289,-0.6322257,-0.3041523,1.003968,0.48523530000000004,0.0477116,0.6695084,-0.7468362000000001,0.56052,0.4779131,1.0154927,-0.4900229,0.21641109999999997,1.5784236,0.9889544,0.29454759999999997,0.7735748,-0.1892857,-1.0895284,-1.2612598,-0.1603076,0.5078893999999999,0.1629604,0.3870924,0.6664207999999999,1.0135483,-0.7739747,0.22107899999999997,0.0012000000000000001,-0.2477107,0.9532952000000001,0.7502417,-0.45433219999999996,-0.2387345,0.25734619999999997,0.728222,-0.29315019999999997,0.5981411,0.3889549,0.1417042,0.6920937,-0.38540589999999997,0.42361430000000005,0.23008260000000003,1.2808441,0.5519538,0.8117813999999999,1.5584057,0.2615708,1.4796561,0.8902207000000001,0.8305440000000001,1.321956,-0.42184199999999994,-0.3864668,0.7029527,-1.4258399,2.0259237999999997,0.7410453,-0.1268507,-0.1058766,0.2606102,0.3149397,0.3302018,-0.3735833,0.9506017,0.2446878,-0.086,-0.2184057,-0.37128174505879996,-3.08551655907447,0.70281314682436,,,
aware Australian Fixed Interest AVG,,,,,,,,,,,,,,,,,,,,,,,,,,,,,,,,,,,,,,,,,,,,,,,,,,,,,,,,,,,,,,,,,,,,,,,,,,,,,,,,,,,,,,,,,,,,,,,,,,,,,,,,,,,,,,,,,,,,,,,,,,,,,,,,,,,,,,,,,,,,,,,,,,,,,,,,,,,,,,,,,,,,,,,,,,,,,,,,,,,,,,,,,,,,,,,,,,,,,,,,,,,,,,,,,,,,,,,,,,,,,,,,,,,,,,,,,,,,,,,,,,,,,,,,,,,,,,,,,,,,,,,,,,,,,,,,,,,,,,,,,,,,,,,,,,,,,,,,,,,,,,,,,,,,,,,,,,,,,,,,,,,,,,,,,,,,,,,,,,,,,
aware International Fixed Interest,,,,,,,,,,,,,,,,,,,,,,,,,,,,,,,,,,,,,,,,,,,,,,,,,,,,,,,,,,,,,,,,,,,,,,,,,,,,,,,,,,,,,,,,,,,,,,,,,,,,,,,,,,,,,,,,,,,,,,,,,,,,,,,,,,,,,,,,,,,,,,,,,,,,,,,,,,,,,,,,,,,,,0.37260000000000004,0.4927359,0.9050294000000001,-0.2903259,-0.2505681,1.0268842999999999,0.3305077,-0.11772679999999999,-0.4760823,-0.3210137,1.3877769,1.0212349,-0.0615312,1.1970153000000001,0.9514507999999999,-0.12034529999999999,2.1482372,-0.29451920000000004,0.8625066000000001,-0.5963475,-0.039208400000000004,-0.19593280000000002,0.5352165,1.9459611,-1.0443198,-0.2650978,1.1891597999999999,2.247464,-0.4610407,0.1669079,0.023829799999999998,0.6101462,-0.5115502,1.2960594,0.6989204,1.451673,0.8114555000000001,0.0334958,0.8782862,-0.7095856,1.0194518,0.6018344999999999,0.4396337,0.30286240000000003,1.4662593,1.4226596,0.436028,2.1245783,0.3194392,-0.0995855,-0.8156673999999999,-0.0591437,-0.1762651,0.4512684,0.3168691,0.5331855,1.5521132,0.0559997,0.6875456,1.8880890000000001,0.8805092000000001,0.1324362,0.24870740000000002,1.5882548,0.8093266,0.6614312,0.39015099999999997,0.49634520000000004,0.44345260000000003,0.2785164,0.6136625,0.42572240000000006,0.3980467,0.36348790000000003,0.5857815,0.364779,0.1503158,0.3282662,0.9951262000000001,0.1396802,-0.6058195,0.1805683,0.0126354,0.3734837,0.5300756999999999,0.2479729,0.052860899999999995,0.7804171000000001,0.4065362,0.2721939,0.42766469999999995,0.6985927000000001,0.3631811,0.6438648,0.9652498,-0.370751,0.8846356,0.9092746,0.7934525,1.8056992,0.0858059,0.6152297999999999,0.22018749999999998,-0.9162609,-0.8323596000000001,0.7561923,0.20269659999999998,0.5517864,0.7597813999999999,-0.12471850000000001,-0.19520010000000002,1.0339125,1.2765271,0.8512097999999999,0.1164357,0.5957944,1.7710785999999998,0.5451736,0.25730990000000004,0.046,-0.8657511,-1.6426166,0.3552882,-0.1622517,0.6748152000000001,-0.0767,0.6768269,0.6578790999999999,-0.1289049,0.2422035,0.8620829,-0.3895451,0.34915189999999996,0.14216910000000002,0.17181,-0.6436810000000001,-0.2694602,0.7141018,-0.3531493,0.26595820000000003,0.0863,0.013999999999999999,0.2692673,-0.3571103,-0.2600242,0.3360148,1.1902363,0.8644649000000001,0.06530000000000001,1.5392913,0.0386,1.1887155,1.1778504,0.6397334,1.9961243,-0.5329676,-0.22943550000000001,-0.2150332,-0.29617570000000004,1.7014141999999999,1.0084315,-1.8133766,1.3517932,0.372435,0.5946152,1.0829991,-0.7055224,0.3579293,0.00877,0.5746842,0.1484658,-0.61991797883652,-1.5654230366364,-0.37663116696659,,,
aware International Fixed Interest AVG,,,,,,,,,,,,,,,,,,,,,,,,,,,,,,,,,,,,,,,,,,,,,,,,,,,,,,,,,,,,,,,,,,,,,,,,,,,,,,,,,,,,,,,,,,,,,,,,,,,,,,,,,,,,,,,,,,,,,,,,,,,,,,,,,,,,,,,,,,,,,,,,,,,,,,,,,,,,,,,,,,,,,,,,,,,,,,,,,,,,,,,,,,,,,,,,,,,,,,,,,,,,,,,,,,,,,,,,,,,,,,,,,,,,,,,,,,,,,,,,,,,,,,,,,,,,,,,,,,,,,,,,,,,,,,,,,,,,,,,,,,,,,,,,,,,,,,,,,,,,,,,,,,,,,,,,,,,,,,,,,,,,,,,,,,,,,,,,,,,,,
aware Conservative Growth,0.049,0.4590252,0.5438147,0.8931735999999999,0.9461943,0.3663189,2.3216876,2.895813,0.43229239999999997,1.6220865,-0.3881443,0.0,1.8282696,-2.0914136,-1.2003853,-0.1714765,-0.48851340000000004,-2.5320082,0.5057042,1.345265,-1.4246284999999999,0.3052964,-1.2440756000000002,1.1684807,-0.4103357,1.7071383,0.9275785999999999,2.5700332,2.9534745,0.7831691999999999,-0.0411621,1.2270687,1.1762854999999999,0.0419443,2.208967,1.0308544,1.3995288,-0.5869614000000001,-0.1506256,1.5501403,-0.6727063,0.7888773,0.4712182,2.9452247000000003,0.9192764000000001,1.5348661,1.6469466,0.4053742,0.48477449999999994,1.0142671,-0.9610285,0.8500133,2.6532258,2.8577348,1.6617302999999999,-0.9013561,2.8864617,-1.8542803,0.8946932,1.9085148,0.4461906,1.6223745,1.5011373,0.8150896,0.5586312,-0.34968109999999997,0.9727144999999999,-1.12598,1.7083277000000001,0.8451066,1.2877239,1.0814739,0.3311759,0.0953742,0.7141852,1.0624003,-1.7780154,0.6302038,1.3995637,0.20307379999999997,-0.6598998,-1.1101801999999998,2.5426772,0.3848848,-0.9002938,1.2294805,1.3987177,0.17995629999999999,0.34173139999999996,1.3810768,0.9571135,1.1158477,-0.271823,0.4253201,0.8472517,0.891083,1.1553834,-0.4442589,-0.123274,0.5797367,0.9036690000000001,0.7362387,-0.44454079999999996,0.8062128999999999,-2.2826693,2.8054651,0.3313332,0.42405109999999996,-0.26317630000000003,0.3700048,-0.0299822,0.2824007,0.2491897,-0.3242026,-0.920934,1.3761214000000002,-0.36247100000000004,0.46123509999999995,1.1356065,0.5326352000000001,-0.3319868,-0.3208691,0.8627071,1.3020872,1.6561958,0.1467686,-0.11218499999999999,0.4475784,0.4779901,0.690635,0.1736403,1.4566953,0.5546192,0.7749427,1.1319681,0.2469694,0.271477,1.1713963,-0.1411205,1.2059564999999999,0.9880819000000001,0.7809294999999999,1.4792232,1.4075123,0.3625003,0.1561873,0.2108752,0.23655400000000001,1.3224032000000001,1.4595909,0.8826479,0.5967521,1.4995052,-1.1733891,2.2014671,1.1931127,0.7932794999999999,0.5821906,1.3746851,0.16099370000000002,-0.5103492000000001,0.3712994,-0.2546238,1.1208859999999998,0.87585,1.0779706999999998,0.6084377999999999,1.1012427999999999,0.7343757000000001,1.3274897,-0.39798819999999996,1.2866644,0.576825,-0.2022804,-0.2963668,0.9115758999999999,1.1387042,1.0126025,-0.5731067000000001,0.30637559999999997,-1.3149848,-0.0787287,-0.5800780999999999,1.3061952,0.20401590000000003,-1.4553058,-0.7526459,2.1414019,-0.6105519,-2.8423462,0.023831699999999997,0.8257011,-0.4004434,-1.2345825,1.7537476,0.6131622,0.5183196,0.4229571,1.3527248,2.0853048,1.0918008,-0.5335688,0.8720363,0.6674215,-0.3049784,0.381119,1.3740018999999999,0.0184449,-0.8006135,0.0547452,1.2175104,-0.0463663,1.1010852,0.3676246,0.00693,0.7359689,1.0810357,0.23334710000000003,0.4638957,0.5779679999999999,-0.0329787,0.23071540000000001,-0.139868,-0.7798765,0.0598853,1.2086856,-0.49107409999999996,0.3792413,0.9960104,0.7488811,1.0241597999999998,0.3418043,-0.20709460000000002,-0.0457783,0.7807838,0.9579653,0.6925821000000001,0.5093183,0.1150887,1.0329888,1.212456,0.6871753,1.246478,0.8538168,-0.9856782,1.9480856000000002,0.34664320000000004,0.917161,0.79475,0.356547,0.6622996,0.0990534,0.8830524,-0.1642275,0.6947829,0.8695369999999999,0.3365071,0.5714699,0.627356,-0.1366765,0.3686943,1.0773628,0.8759988,0.7233951,1.4937776999999999,0.35456730000000003,0.438411,-0.2062416,-0.6174618,0.9668329,-0.4850017,-0.3829555,1.4024039,-0.14544600000000002,0.046603,-0.7997784000000001,0.2920067,0.5925252,0.7754007,1.2136725,-0.0706655,1.4758729,0.32679990000000003,-0.0234,0.0455,0.1598589,0.6408394000000001,0.3276889,0.4791004,0.6930024,0.6421215,0.705351,0.11042529999999999,0.2898363,0.4790852,0.2430861,1.0819078,0.7386495,0.18273989999999998,0.5029704,0.12271249999999999,-0.0371,0.6597065,0.3568226,0.3539256,0.6998215,0.6849805,-0.0762,-0.5662263,0.0519,-0.0451,1.0639948,0.9286970999999999,0.7629875,0.7466229,0.3231163,0.8665871,0.8706302000000001,0.07690000000000001,0.2266909,0.2072862,1.0153953,-0.1427463,1.1247585,-0.7433281,-2.7949373,0.1801654,0.7515372,0.7488661,0.4355045,0.2632634,0.0995,0.12074209999999999,1.0207697,0.2613857,-0.010278458839141358,-0.50580536108081,0.7236825269266,,,
aware Conservative Growth AVG,,,,,,,,,,,,,,,,,,,,,,,,,,,,,,,,,,,,,,,,,,,,,,,,,,,,,,,,,,,,,,,,,,,,,,,,,,,,,,,,,,,,,,,,,,,,,,,,,,,,,,,,,,,,,,,,,,,,,,,,,,,,,,,,,,,,,,,,,,,,,,,,,,,,,,,,,,,,,,,,,,,,,,,,,,,,,,,,,,,,,,,,,,,,,,,,,,,,,,,,,,,,,,,,,,,,,,,,,,,,,,,,,,,,,,,,,,,,,,,,,,,,,,,,,,,,,,,,,,,,,,,,,,,,,,,,,,,,,,,,,,,,,,,,,,,,,,,,,,,,,,,,,,,,,,,,,,,,,,,,,,,,,,,,,,,,,,,,,,,,,
telstra Growth,,,,,,,,,,,,,,,,,,,,,,,,,,,,,,,,,,,,,,,,,,,,,,,,,,,,,,,,,,,,,,,,,,,,,,,,,,,,,,,,,,,,,,,,,,,,,,,,,,,,,,,,,,,,,,,,,,,,,,,,,,,,,,,,,,,,,,,,,,,,,,,,,,,,,,,,,,,,,,,,,,,,,,,,,,,,,,,,,,,,,,,,,,,,,,,,,,,,,,,,,,,,,,,,,,,,,,,,,,,,,,,,,,,,,,,,,,,,,,,,,,,,,,,,,,,,,,,,,,,,,,,,,,,,,,,,,,,,,,,,,,,,,,,,,,,,,,,,,,,,,,,,,,,,,,,,,,,,,,,,,,,,,,,3.26,3.21,0.29,1.0,1.97,-0.31,0.6,6.11,1.68,0.28,1.68,2.58,,,
telstra Balanced,,,,,,,,,,,,,,,,,,,,,,,,,,,,,,,,,,,,,,,,,,,,,,,,,,,,,,,,,,,,,,,,,,,,,,,,,,,,,,,,,,,,,,,,,,,,,,,,,,,,,,,,,,,,,,,,,,,,,,,,,,,,,,,,,,,,,,,,,,,,,,,,,,,,,,,,,,,,,,,,,,,,,,,,,,,,,,,,,,,,,,,,,,,,,,,,,,,,,,,,,,,,,,,,,,,,,,,,,,,,,,,,,,,,,,,,,,,,,,,,,,,,,,,,,,,,,,,,,,,,,,,,,,,,,,,,,,,,,,,,,,,,,,,,,,,,,,,,,,,,,,,,,,,,,,,,,,,,,,,,,,,,,,,2.72,2.66,0.35,0.69,1.47,-0.15,0.41,5.03,1.39,0.18,1.24,2.3,,,
telstra Defensive Growth,,,,,,,,,,,,,,,,,,,,,,,,,,,,,,,,,,,,,,,,,,,,,,,,,,,,,,,,,,,,,,,,,,,,,,,,,,,,,,,,,,,,,,,,,,,,,,,,,,,,,,,,,,,,,,,,,,,,,,,,,,,,,,,,,,,,,,,,,,,,,,,,,,,,,,,,,,,,,,,,,,,,,,,,,,,,,,,,,,,,,,,,,,,,,,,,,,,,,,,,,,,,,,,,,,,,,,,,,,,,,,,,,,,,,,,,,,,,,,,,,,,,,,,,,,,,,,,,,,,,,,,,,,,,,,,,,,,,,,,,,,,,,,,,,,,,,,,,,,,,,,,,,,,,,,,,,,,,,,,,,,,,,,,2.2,2.04,0.62,0.67,0.54,0.02,0.15,3.12,1.08,-0.05,0.14,1.79,,,
telstra Conservative,,,,,,,,,,,,,,,,,,,,,,,,,,,,,,,,,,,,,,,,,,,,,,,,,,,,,,,,,,,,,,,,,,,,,,,,,,,,,,,,,,,,,,,,,,,,,,,,,,,,,,,,,,,,,,,,,,,,,,,,,,,,,,,,,,,,,,,,,,,,,,,,,,,,,,,,,,,,,,,,,,,,,,,,,,,,,,,,,,,,,,,,,,,,,,,,,,,,,,,,,,,,,,,,,,,,,,,,,,,,,,,,,,,,,,,,,,,,,,,,,,,,,,,,,,,,,,,,,,,,,,,,,,,,,,,,,,,,,,,,,,,,,,,,,,,,,,,,,,,,,,,,,,,,,,,,,,,,,,,,,,,,,,,1.44,1.44,0.43,0.38,0.49,0.04,0.15,2.45,0.97,0.06,0.22,1.18,,,
telstra International Shares,,,,,,,,,,,,,,,,,,,,,,,,,,,,,,,,,,,,,,,,,,,,,,,,,,,,,,,,,,,,,,,,,,,,,,,,,,,,,,,,,,,,,,,,,,,,,,,,,,,,,,,,,,,,,,,,,,,,,,,,,,,,,,,,,,,,,,,,,,,,,,,,,,,,,,,,,,,,,,,,,,,,,,,,,,,,,,,,,,,,,,,,,,,,,,,,,,,,,,,,,,,,,,,,,,,,,,,,,,,,,,,,,,,,,,,,,,,,,,,,,,,,,,,,,,,,,,,,,,,,,,,,,,,,,,,,,,,,,,,,,,,,,,,,,,,,,,,,,,,,,,,,,,,,,,,,,,,,,,,,,,,,,,,4.49,3.3,-0.01,1.99,2.61,-0.35,-1.07,8.31,1.64,-0.46,2.26,3.7,,,
telstra Australian Shares,,,,,,,,,,,,,,,,,,,,,,,,,,,,,,,,,,,,,,,,,,,,,,,,,,,,,,,,,,,,,,,,,,,,,,,,,,,,,,,,,,,,,,,,,,,,,,,,,,,,,,,,,,,,,,,,,,,,,,,,,,,,,,,,,,,,,,,,,,,,,,,,,,,,,,,,,,,,,,,,,,,,,,,,,,,,,,,,,,,,,,,,,,,,,,,,,,,,,,,,,,,,,,,,,,,,,,,,,,,,,,,,,,,,,,,,,,,,,,,,,,,,,,,,,,,,,,,,,,,,,,,,,,,,,,,,,,,,,,,,,,,,,,,,,,,,,,,,,,,,,,,,,,,,,,,,,,,,,,,,,,,,,,,8.22,4.29,1.39,0.42,3.26,-2.62,1.55,9.93,1.47,0.32,2.14,2.47,,,
telstra Property,,,,,,,,,,,,,,,,,,,,,,,,,,,,,,,,,,,,,,,,,,,,,,,,,,,,,,,,,,,,,,,,,,,,,,,,,,,,,,,,,,,,,,,,,,,,,,,,,,,,,,,,,,,,,,,,,,,,,,,,,,,,,,,,,,,,,,,,,,,,,,,,,,,,,,,,,,,,,,,,,,,,,,,,,,,,,,,,,,,,,,,,,,,,,,,,,,,,,,,,,,,,,,,,,,,,,,,,,,,,,,,,,,,,,,,,,,,,,,,,,,,,,,,,,,,,,,,,,,,,,,,,,,,,,,,,,,,,,,,,,,,,,,,,,,,,,,,,,,,,,,,,,,,,,,,,,,,,,,,,,,,,,,,0.89,1.43,0.18,-0.29,0.8,0.25,0.09,1.2,3.24,0.23,0.41,0.65,,,
telstra Fixed Interest,,,,,,,,,,,,,,,,,,,,,,,,,,,,,,,,,,,,,,,,,,,,,,,,,,,,,,,,,,,,,,,,,,,,,,,,,,,,,,,,,,,,,,,,,,,,,,,,,,,,,,,,,,,,,,,,,,,,,,,,,,,,,,,,,,,,,,,,,,,,,,,,,,,,,,,,,,,,,,,,,,,,,,,,,,,,,,,,,,,,,,,,,,,,,,,,,,,,,,,,,,,,,,,,,,,,,,,,,,,,,,,,,,,,,,,,,,,,,,,,,,,,,,,,,,,,,,,,,,,,,,,,,,,,,,,,,,,,,,,,,,,,,,,,,,,,,,,,,,,,,,,,,,,,,,,,,,,,,,,,,,,,,,,0.61,0.6,0.54,0.83,-0.18,0.39,0.19,0.27,0.23,-0.22,-1.52,0.1,,,
telstra Cash,,,,,,,,,,,,,,,,,,,,,,,,,,,,,,,,,,,,,,,,,,,,,,,,,,,,,,,,,,,,,,,,,,,,,,,,,,,,,,,,,,,,,,,,,,,,,,,,,,,,,,,,,,,,,,,,,,,,,,,,,,,,,,,,,,,,,,,,,,,,,,,,,,,,,,,,,,,,,,,,,,,,,,,,,,,,,,,,,,,,,,,,,,,,,,,,,,,,,,,,,,,,,,,,,,,,,,,,,,,,,,,,,,,,,,,,,,,,,,,,,,,,,,,,,,,,,,,,,,,,,,,,,,,,,,,,,,,,,,,,,,,,,,,,,,,,,,,,,,,,,,,,,,,,,,,,,,,,,,,,,,,,,,,0.09,0.03,0.02,0.03,0.03,0.01,0.01,0.03,0.18,0.06,0.04,0.01,,,
telstra Diversified Income,,,,,,,,,,,,,,,,,,,,,,,,,,,,,,,,,,,,,,,,,,,,,,,,,,,,,,,,,,,,,,,,,,,,,,,,,,,,,,,,,,,,,,,,,,,,,,,,,,,,,,,,,,,,,,,,,,,,,,,,,,,,,,,,,,,,,,,,,,,,,,,,,,,,,,,,,,,,,,,,,,,,,,,,,,,,,,,,,,,,,,,,,,,,,,,,,,,,,,,,,,,,,,,,,,,,,,,,,,,,,,,,,,,,,,,,,,,,,,,,,,,,,,,,,,,,,,,,,,,,,,,,,,,,,,,,,,,,,,,,,,,,,,,,,,,,,,,,,,,,,,,,,,,,,,,,,,,,,,,,,,,,,,,2.63,2.16,1.51,0.53,0.77,-0.23,0.33,3.31,1.26,0.12,0.39,1.52,,,
